field,course_count
Engineering / Natural Sciences,146
Teacher education,98
Humanities / Languages,62
Interdisciplinary / Other,36
Business / Economics,22
Social Sciences / Sport,20
University,20
QS 2027,18
Completeness,18
Rows in this batch,14
Official programme scope,10
Architecture / Planning,8
Important note,6
Admissions,6
Catalogue dimensions,4
Catalogue filters,4
Bachelor structure,2
Admission,2
Admission information,2
Fees,2
Important completeness note,2
Current official catalogue,2
Current official catalogue count,2
Coverage,2
Official current programme count,2
Official catalogue structure,2
Official catalogue filters,2
Official catalogue context,2
Master structure,2
Important interpretation,2
Official source,2
Official scope,2
Programme rows,2
Programme records in this batch,2
Programme duration,2
Official sources,2
Rows in batch,2
Rows extracted,2
Requirements/fees note,2
Teaching degrees,2
