industry,company_count
Biotechnology,26
Automotive,14
Enterprise Software,14
Semiconductors,12
Robotics,10
FinTech,8
Life Sciences,6
Medical Technology,6
Energy,6
Artificial Intelligence,6
Banking,4
Aerospace,4
Automotive Technology,4
Logistics,4
FinTech Software,4
Drones,4
Robotics Software,4
Travel Technology,4
Space Technology,4
Industrial Robotics,4
Industrial Technology,4
AI / Software,4
Automotive/Batteries,2
Advanced Air Mobility,2
AI Marketing Software,2
Automation,2
Automotive Manufacturing,2
AI Infrastructure,2
Aerospace / Space,2
Defense/Automotive Technology,2
Consumer Health/Cosmetics,2
Commercial Vehicles,2
Collaboration Software,2
Cloud Data Infrastructure,2
Climate Software,2
Climate Biotech,2
Clean Energy Technology,2
Chemicals/Consumer Products,2
Chemicals,2
Bioinformatics,2
Aviation Services,2
Automotive/Industrial,2
Aviation,2
Automotive Software,2
E-Commerce/Technology,2
FinTech Infrastructure,2
Enterprise AI,2
Electric Mobility,2
Energy Technology,2
E-Grocery Technology,2
Financial Infrastructure,2
Financial Technology,2
Food Technology,2
Industrial Machinery,2
Industrial IoT,2
Drones / Robotics,2
E-Commerce Technology,2
Digital Logistics,2
Delivery Technology,2
Digital Freight,2
Diagnostics,2
Life Sciences/Chemicals,2
Life Sciences Technology,2
Industrial Software,2
Insurance,2
Industrial AI / Robotics,2
Industrial Engineering,2
Medical/Safety Technology,2
Logistics Robotics,2
Photonics,2
Privacy-Preserving AI,2
Reinsurance,2
Quantum / AI Hardware,2
Optics,2
Optics / Life Sciences,2
Optics/MedTech,2
Mobility Technology,2
Robotics / Mobility,2
Robotics / Defense Technology,2
Robotics / AI,2
Retail/E-Commerce,2
Shipping,2
Software,2
Specialty Chemicals,2
Semiconductors / AI,2
Specialty Glass/Materials,2
Supply Chain / Software,2
Telecommunications,2
Technology Consulting,2
Tourism/Maritime,2
Transport/Rail,2
Travel,2
Workflow Automation,2
