state,university_linked_scholarship_records,universities_with_linked_scholarships,state_explicit_scholarship_records,scholarship_interpretation
Baden-Württemberg,4,2,0,University-linked scholarship records; not a count of all scholarships available in the state.
Bavaria,20,5,0,University-linked scholarship records; not a count of all scholarships available in the state.
Berlin,0,0,0,No university-linked scholarship records in the current scholarship summary; this does not mean no scholarships are available.
Brandenburg,0,0,0,No university-linked scholarship records in the current scholarship summary; this does not mean no scholarships are available.
Bremen,0,0,0,No university-linked scholarship records in the current scholarship summary; this does not mean no scholarships are available.
Hamburg,2,1,0,University-linked scholarship records; not a count of all scholarships available in the state.
Hesse,0,0,0,No university-linked scholarship records in the current scholarship summary; this does not mean no scholarships are available.
Lower Saxony,14,2,0,University-linked scholarship records; not a count of all scholarships available in the state.
Mecklenburg-Vorpommern,0,0,0,No university-linked scholarship records in the current scholarship summary; this does not mean no scholarships are available.
North Rhine-Westphalia,14,4,0,University-linked scholarship records; not a count of all scholarships available in the state.
Rhineland-Palatinate,0,0,0,No university-linked scholarship records in the current scholarship summary; this does not mean no scholarships are available.
Saarland,2,1,0,University-linked scholarship records; not a count of all scholarships available in the state.
Saxony,2,1,0,University-linked scholarship records; not a count of all scholarships available in the state.
Saxony-Anhalt,0,0,0,No university-linked scholarship records in the current scholarship summary; this does not mean no scholarships are available.
Schleswig-Holstein,0,0,0,No university-linked scholarship records in the current scholarship summary; this does not mean no scholarships are available.
Thuringia,0,0,0,No university-linked scholarship records in the current scholarship summary; this does not mean no scholarships are available.
