scholarship_name,scholarship_id,provider,amount_min_eur,amount_max_eur,duration,eligibility,deadline,study_level,field,state,university_name,source_dataset
Study Scholarships - Master Studies for All Academic Disciplines,DE-FUND-0001,DAAD,,,Programme-specific,First academic degree; country/call-specific requirements,Updated annually; call-specific,Master,,,,Germany_Scholarships_Combined_Master_Final
Research Grants in Germany,DE-FUND-0002,DAAD,,,PhD: 2–12 months; early postdoc: 2–6 months,Doctoral/postdoctoral status; residence and recency rules apply,Multiple 2026 deadlines; country/call-specific,PhD; Postdoc,,,,Germany_Scholarships_Combined_Master_Final
Doctoral Programmes in Germany,DE-FUND-0003,DAAD,,,Doctoral programme-specific,Qualified graduates/doctoral candidates; country-specific rules,31 Aug 2026 shown for one current origin snapshot; verify by origin,PhD,,,,Germany_Scholarships_Combined_Master_Final
Bi-nationally Supervised Doctoral Degrees / Cotutelle,DE-FUND-0004,DAAD,,,Programme-specific,Doctoral project supervised in both countries; call-specific rules,31 Aug 2026 shown for one current origin snapshot; verify by origin,Graduate; PhD,,,,Germany_Scholarships_Combined_Master_Final
University Summer Courses offered in Germany for Foreign Students and Graduates,DE-FUND-0005,DAAD,,,4 weeks,Bachelor students must have completed at least 2 years; German language/course requirements apply,30 Oct annually; applications from 1 Sep,Bachelor; Master,,,,Germany_Scholarships_Combined_Master_Final
Study Scholarships - Postgraduate Studies in the Field of Architecture,DE-FUND-0006,DAAD,,,Programme-specific,Relevant first degree and portfolio/application requirements,23 Sep 2026 shown for current call,Graduate / postgraduate,,,,Germany_Scholarships_Combined_Master_Final
Study Scholarships - Postgraduate Studies in the Field of Music,DE-FUND-0007,DAAD,,,Programme-specific,Relevant first degree; artistic application requirements,24 Sep 2026 shown for current call,Graduate / postgraduate,,,,Germany_Scholarships_Combined_Master_Final
Study Scholarships - Postgraduate Studies in the Field of the Performing Arts,DE-FUND-0008,DAAD,,,Programme-specific,Relevant first degree; artistic application requirements,15 Oct 2026 shown for current call,Graduate / postgraduate,,,,Germany_Scholarships_Combined_Master_Final
"Study Scholarships - Postgraduate Studies in the Fields of Fine Art, Design, Visual Communication and Film",DE-FUND-0009,DAAD,,,Programme-specific,Relevant first degree; artistic portfolio/application requirements,Call-specific,Graduate / postgraduate,,,,Germany_Scholarships_Combined_Master_Final
Study Visits for Academics - Artists and Architects,DE-FUND-0010,DAAD,,,Short-term; call-specific,University teachers/artists; call-specific,31 Aug 2026 shown in current origin snapshot,Graduate; Postdoc; Faculty,,,,Germany_Scholarships_Combined_Master_Final
Re-invitation Programme for Former Scholarship Holders,DE-FUND-0011,DAAD,,,Short-term; call-specific,Former eligible DAAD scholarship holders,31 Aug 2026 shown in current origin snapshot,Former DAAD scholars / researchers,,,,Germany_Scholarships_Combined_Master_Final
Development-Related Postgraduate Courses (EPOS),DE-FUND-0012,DAAD / BMZ,,,Course-specific,Highly qualified specialists/graduates; practical/professional relevance; country and course rules,Course-specific,Master; selected postgraduate,,,,Germany_Scholarships_Combined_Master_Final
Helmut-Schmidt-Programme (Master’s Scholarships for Public Policy and Good Governance - PPGG),DE-FUND-0013,DAAD / Federal Foreign Office,,,Master programme duration + preparatory German course,Qualified first degree; commitment to social/economic development; relevant practical experience valued,Call-specific,Master,,,,Germany_Scholarships_Combined_Master_Final
Humboldt Research Fellowship,DE-FUND-0014,Alexander von Humboldt Foundation,3000.0,3600.0,6–24 months,Above-average research qualifications; German host/collaborator; detailed career-stage rules,Next call opens 15 Nov 2026 (current page),Postdoc; Experienced researcher,,,,Germany_Scholarships_Combined_Master_Final
Georg Forster Research Fellowship,DE-FUND-0015,Alexander von Humboldt Foundation,3000.0,3600.0,6–24 months,Research qualifications + development relevance + country rules,Programme-specific/current call,Postdoc; Experienced researcher,,,,Germany_Scholarships_Combined_Master_Final
CAPES-Humboldt Research Fellowship,DE-FUND-0016,Alexander von Humboldt Foundation / CAPES,,,6–24 months,Brazil-linked eligibility and research qualifications,Call-specific,Postdoc; Experienced researcher,,,,Germany_Scholarships_Combined_Master_Final
International Climate Protection Fellowship,DE-FUND-0017,Alexander von Humboldt Foundation,,,Programme-specific,Climate-relevant project and programme-specific professional/research profile,Call-specific,Graduate; Postdoc,,,,Germany_Scholarships_Combined_Master_Final
Philipp Schwartz Initiative,DE-FUND-0018,Alexander von Humboldt Foundation,,,Up to 24 months; extension up to 12 months possible under co-financing,At-risk status and institutional nomination/host process,Call/institution-specific,Researcher,,,,Germany_Scholarships_Combined_Master_Final
Carl-Zeiss-Humboldt Research Award,DE-FUND-0019,Alexander von Humboldt Foundation,,,Up to 12-month Germany stay possible,Internationally recognised STEM academics,Nomination/call-specific,Established researcher,,,,Germany_Scholarships_Combined_Master_Final
Hezekiah Wardwell Fellowship,DE-FUND-0020,Alexander von Humboldt Foundation,,,Up to two semesters,Musicians or musicologists from Spain; programme-specific rules,Call-specific,Advanced music student / musicologist,,,,Germany_Scholarships_Combined_Master_Final
Avicenna-Studienwerk – Student Scholarship,DE-FUND-0021,Avicenna-Studienwerk,300.0,300.0,Normally tied to eligible study period; provider-specific,Strong academic potential/performance plus social/community engagement; provider profile/values and legal eligibility rules apply,Provider-specific,Bachelor; Master; State examination / eligible degree study,,,,Germany_Scholarships_Combined_Master_Final
Avicenna-Studienwerk – Doctoral Scholarship,DE-FUND-0022,Avicenna-Studienwerk,1650.0,1650.0,Provider-specific; many initially fund multi-year doctoral periods,Above-average degree; strong doctoral project; social/community engagement; provider profile/values and legal eligibility rules apply,Provider-specific,PhD,,,,Germany_Scholarships_Combined_Master_Final
Cusanuswerk e.V. – Student Scholarship,DE-FUND-0023,Cusanuswerk e.V.,300.0,300.0,Normally tied to eligible study period; provider-specific,Strong academic potential/performance plus social/community engagement; provider profile/values and legal eligibility rules apply,Provider-specific,Bachelor; Master; State examination / eligible degree study,,,,Germany_Scholarships_Combined_Master_Final
Cusanuswerk e.V. – Doctoral Scholarship,DE-FUND-0024,Cusanuswerk e.V.,1650.0,1650.0,Provider-specific; many initially fund multi-year doctoral periods,Above-average degree; strong doctoral project; social/community engagement; provider profile/values and legal eligibility rules apply,Provider-specific,PhD,,,,Germany_Scholarships_Combined_Master_Final
Ernst Ludwig Ehrlich Studienwerk – Student Scholarship,DE-FUND-0025,Ernst Ludwig Ehrlich Studienwerk,300.0,300.0,Normally tied to eligible study period; provider-specific,Strong academic potential/performance plus social/community engagement; provider profile/values and legal eligibility rules apply,Provider-specific,Bachelor; Master; State examination / eligible degree study,,,,Germany_Scholarships_Combined_Master_Final
Ernst Ludwig Ehrlich Studienwerk – Doctoral Scholarship,DE-FUND-0026,Ernst Ludwig Ehrlich Studienwerk,1650.0,1650.0,Provider-specific; many initially fund multi-year doctoral periods,Above-average degree; strong doctoral project; social/community engagement; provider profile/values and legal eligibility rules apply,Provider-specific,PhD,,,,Germany_Scholarships_Combined_Master_Final
Evangelisches Studienwerk e.V. Villigst – Student Scholarship,DE-FUND-0027,Evangelisches Studienwerk e.V. Villigst,300.0,300.0,Normally tied to eligible study period; provider-specific,Strong academic potential/performance plus social/community engagement; provider profile/values and legal eligibility rules apply,Provider-specific,Bachelor; Master; State examination / eligible degree study,,,,Germany_Scholarships_Combined_Master_Final
Evangelisches Studienwerk e.V. Villigst – Doctoral Scholarship,DE-FUND-0028,Evangelisches Studienwerk e.V. Villigst,1650.0,1650.0,Provider-specific; many initially fund multi-year doctoral periods,Above-average degree; strong doctoral project; social/community engagement; provider profile/values and legal eligibility rules apply,Provider-specific,PhD,,,,Germany_Scholarships_Combined_Master_Final
Friedrich-Ebert-Stiftung – Student Scholarship,DE-FUND-0029,Friedrich-Ebert-Stiftung,300.0,300.0,Normally tied to eligible study period; provider-specific,Strong academic potential/performance plus social/community engagement; provider profile/values and legal eligibility rules apply,Provider-specific,Bachelor; Master; State examination / eligible degree study,,,,Germany_Scholarships_Combined_Master_Final
Friedrich-Ebert-Stiftung – Doctoral Scholarship,DE-FUND-0030,Friedrich-Ebert-Stiftung,1650.0,1650.0,Provider-specific; many initially fund multi-year doctoral periods,Above-average degree; strong doctoral project; social/community engagement; provider profile/values and legal eligibility rules apply,Provider-specific,PhD,,,,Germany_Scholarships_Combined_Master_Final
Friedrich-Naumann-Stiftung für die Freiheit – Student Scholarship,DE-FUND-0031,Friedrich-Naumann-Stiftung für die Freiheit,300.0,300.0,Normally tied to eligible study period; provider-specific,Strong academic potential/performance plus social/community engagement; provider profile/values and legal eligibility rules apply,Provider-specific,Bachelor; Master; State examination / eligible degree study,,,,Germany_Scholarships_Combined_Master_Final
Friedrich-Naumann-Stiftung für die Freiheit – Doctoral Scholarship,DE-FUND-0032,Friedrich-Naumann-Stiftung für die Freiheit,1650.0,1650.0,Provider-specific; many initially fund multi-year doctoral periods,Above-average degree; strong doctoral project; social/community engagement; provider profile/values and legal eligibility rules apply,Provider-specific,PhD,,,,Germany_Scholarships_Combined_Master_Final
Hanns-Seidel-Stiftung – Student Scholarship,DE-FUND-0033,Hanns-Seidel-Stiftung,300.0,300.0,Normally tied to eligible study period; provider-specific,Strong academic potential/performance plus social/community engagement; provider profile/values and legal eligibility rules apply,Provider-specific,Bachelor; Master; State examination / eligible degree study,,,,Germany_Scholarships_Combined_Master_Final
Hanns-Seidel-Stiftung – Doctoral Scholarship,DE-FUND-0034,Hanns-Seidel-Stiftung,1650.0,1650.0,Provider-specific; many initially fund multi-year doctoral periods,Above-average degree; strong doctoral project; social/community engagement; provider profile/values and legal eligibility rules apply,Provider-specific,PhD,,,,Germany_Scholarships_Combined_Master_Final
Hans-Böckler-Stiftung – Student Scholarship,DE-FUND-0035,Hans-Böckler-Stiftung,300.0,300.0,Normally tied to eligible study period; provider-specific,Strong academic potential/performance plus social/community engagement; provider profile/values and legal eligibility rules apply,Provider-specific,Bachelor; Master; State examination / eligible degree study,,,,Germany_Scholarships_Combined_Master_Final
Hans-Böckler-Stiftung – Doctoral Scholarship,DE-FUND-0036,Hans-Böckler-Stiftung,1650.0,1650.0,Provider-specific; many initially fund multi-year doctoral periods,Above-average degree; strong doctoral project; social/community engagement; provider profile/values and legal eligibility rules apply,Provider-specific,PhD,,,,Germany_Scholarships_Combined_Master_Final
Heinrich-Böll-Stiftung – Student Scholarship,DE-FUND-0037,Heinrich-Böll-Stiftung,300.0,300.0,Normally tied to eligible study period; provider-specific,Strong academic potential/performance plus social/community engagement; provider profile/values and legal eligibility rules apply,Provider-specific,Bachelor; Master; State examination / eligible degree study,,,,Germany_Scholarships_Combined_Master_Final
Heinrich-Böll-Stiftung – Doctoral Scholarship,DE-FUND-0038,Heinrich-Böll-Stiftung,1650.0,1650.0,Provider-specific; many initially fund multi-year doctoral periods,Above-average degree; strong doctoral project; social/community engagement; provider profile/values and legal eligibility rules apply,Provider-specific,PhD,,,,Germany_Scholarships_Combined_Master_Final
Konrad-Adenauer-Stiftung – Student Scholarship,DE-FUND-0039,Konrad-Adenauer-Stiftung,300.0,300.0,Normally tied to eligible study period; provider-specific,Strong academic potential/performance plus social/community engagement; provider profile/values and legal eligibility rules apply,Provider-specific,Bachelor; Master; State examination / eligible degree study,,,,Germany_Scholarships_Combined_Master_Final
Konrad-Adenauer-Stiftung – Doctoral Scholarship,DE-FUND-0040,Konrad-Adenauer-Stiftung,1650.0,1650.0,Provider-specific; many initially fund multi-year doctoral periods,Above-average degree; strong doctoral project; social/community engagement; provider profile/values and legal eligibility rules apply,Provider-specific,PhD,,,,Germany_Scholarships_Combined_Master_Final
Rosa-Luxemburg-Stiftung – Student Scholarship,DE-FUND-0041,Rosa-Luxemburg-Stiftung,300.0,300.0,Normally tied to eligible study period; provider-specific,Strong academic potential/performance plus social/community engagement; provider profile/values and legal eligibility rules apply,Provider-specific,Bachelor; Master; State examination / eligible degree study,,,,Germany_Scholarships_Combined_Master_Final
Rosa-Luxemburg-Stiftung – Doctoral Scholarship,DE-FUND-0042,Rosa-Luxemburg-Stiftung,1650.0,1650.0,Provider-specific; many initially fund multi-year doctoral periods,Above-average degree; strong doctoral project; social/community engagement; provider profile/values and legal eligibility rules apply,Provider-specific,PhD,,,,Germany_Scholarships_Combined_Master_Final
Stiftung der Deutschen Wirtschaft (sdw) – Student Scholarship,DE-FUND-0043,Stiftung der Deutschen Wirtschaft (sdw),300.0,300.0,Normally tied to eligible study period; provider-specific,Strong academic potential/performance plus social/community engagement; provider profile/values and legal eligibility rules apply,Provider-specific,Bachelor; Master; State examination / eligible degree study,,,,Germany_Scholarships_Combined_Master_Final
Stiftung der Deutschen Wirtschaft (sdw) – Doctoral Scholarship,DE-FUND-0044,Stiftung der Deutschen Wirtschaft (sdw),1650.0,1650.0,Provider-specific; many initially fund multi-year doctoral periods,Above-average degree; strong doctoral project; social/community engagement; provider profile/values and legal eligibility rules apply,Provider-specific,PhD,,,,Germany_Scholarships_Combined_Master_Final
Studienstiftung des deutschen Volkes – Student Scholarship,DE-FUND-0045,Studienstiftung des deutschen Volkes,300.0,300.0,Normally tied to eligible study period; provider-specific,Strong academic potential/performance plus social/community engagement; provider profile/values and legal eligibility rules apply,Provider-specific,Bachelor; Master; State examination / eligible degree study,,,,Germany_Scholarships_Combined_Master_Final
Studienstiftung des deutschen Volkes – Doctoral Scholarship,DE-FUND-0046,Studienstiftung des deutschen Volkes,1650.0,1650.0,Provider-specific; many initially fund multi-year doctoral periods,Above-average degree; strong doctoral project; social/community engagement; provider profile/values and legal eligibility rules apply,Provider-specific,PhD,,,,Germany_Scholarships_Combined_Master_Final
Erasmus+ Study Mobility Grant,DE-FUND-0047,European Union / participating higher-education institutions,,,Mobility-period specific,Must be selected through participating home institution and have eligible inter-institutional arrangement,Institution/call-specific,Bachelor; Master; PhD (mobility),,,,Germany_Scholarships_Combined_Master_Final
Deutschlandstipendium,DE-FUND-0048,Technical University of Munich,300.0,300.0,Normally 1 year; renewal rules apply,"Achievement/aptitude plus engagement, responsibility and personal circumstances",2026/27 round closed; next 2027/28 in summer 2027,Bachelor; Master,,,Technical University of Munich,Germany_Scholarships_Combined_Master_Final
Scholarship for International Students,DE-FUND-0049,Technical University of Munich,500.0,1800.0,Can reapply; max funding period 36 months,"Good academic performance + financial need; bachelor generally from 3rd semester, master from 2nd (or 1st if TUM bachelor)",Semester-specific,Bachelor; Master,,,Technical University of Munich,Germany_Scholarships_Combined_Master_Final
Oskar-Karl-Forster Scholarship,DE-FUND-0050,Technical University of Munich,,,Call-specific,Need and programme rules,Call-specific,Bachelor; Master,,,Technical University of Munich,Germany_Scholarships_Combined_Master_Final
Tuition Fee Waiver Scholarship for International Students,DE-FUND-0051,Technical University of Munich,,,Call/semester-specific,Need or special academic performance; exact waiver route depends on case,Semester/call-specific,Bachelor; Master,,,Technical University of Munich,Germany_Scholarships_Combined_Master_Final
SIST LMU Study Scholarship,DE-FUND-0052,Ludwig-Maximilians-Universität München,,,Call-specific,"Academic excellence, subject knowledge and financial need",15 Jan–8 Mar 2026 shown on current page,Bachelor; Master; PhD,,,Ludwig-Maximilians-Universität München,Germany_Scholarships_Combined_Master_Final
Deutschlandstipendium,DE-FUND-0053,Freie Universität Berlin,300.0,300.0,Minimum 2 semesters; extensions possible,"Enrolled/accepted, within standard time to degree; merit plus broader criteria",16 Jul–13 Aug 2026,Bachelor; Master; State Examination,,,Freie Universität Berlin,Germany_Scholarships_Combined_Master_Final
STIBET I Equal Opportunity Scholarships for International Students,DE-FUND-0054,Freie Universität Berlin,250.0,250.0,10 months (Mar–Dec 2026),International degree student; foreign HZB; no German citizenship; special equal-opportunity criterion; enrollment throughout funding,11 Jan 2026,Bachelor; Master; State Examination,,,Freie Universität Berlin,Germany_Scholarships_Combined_Master_Final
Deutschlandstipendium,DE-FUND-0055,Technische Universität Berlin,300.0,300.0,At least 2 semesters,Academic performance + engagement + personal circumstances,15 Jul 2026,Bachelor; Master,,,Technische Universität Berlin,Germany_Scholarships_Combined_Master_Final
DAAD Prize for Outstanding International Students,DE-FUND-0056,Technische Universität Berlin,1000.0,1000.0,One-time,Exceptional academic achievement plus social/intercultural commitment,Usually annual call around May,Bachelor; Master; other degree students,,,Technische Universität Berlin,Germany_Scholarships_Combined_Master_Final
Equal Opportunity Scholarships for International Degree-Seeking Students,DE-FUND-0057,Technische Universität Berlin,,,Call-specific,International student; programme-specific equal-opportunity criteria,Call-specific,Bachelor; Master,,,Technische Universität Berlin,Germany_Scholarships_Combined_Master_Final
International Office Scholarships for International Students,DE-FUND-0058,Technische Universität Dresden,,,Programme-specific,"Depends on full scholarship, first-year motivation, exchange or completion scheme",Programme-specific,Bachelor; Master; other degree study,,,Technische Universität Dresden,Germany_Scholarships_Combined_Master_Final
Deutschlandstipendium,DE-FUND-0059,University of Bonn,300.0,300.0,Funding-year specific,Very good academic performance; extracurricular/non-academic engagement also considered,18 May 2026,Bachelor; Master; State Exam; Church/Magister,,,University of Bonn,Germany_Scholarships_Combined_Master_Final
Merit Scholarship for International Students,DE-FUND-0060,Universität Hamburg,992.0,992.0,Usually up to 12 months; current call status varies,Strong academic performance; non-German citizenship; BAföG-ineligible under stated rules,Currently no further calls on official page,Bachelor; Master; other degree levels,,,Universität Hamburg,Germany_Scholarships_Combined_Master_Final
Graduation Scholarship for International Students,DE-FUND-0061,FAU Erlangen-Nürnberg,1000.0,1000.0,Final phase,International student nearing completion; intended for thesis/final exams,15 Jul 2026 for summer call; winter 2026/27 call announced Sep 2026,Master; State Examination,,,FAU Erlangen-Nürnberg,Germany_Scholarships_Combined_Master_Final
Deutschlandstipendium,DE-FUND-0062,TU Darmstadt,300.0,300.0,1 year,Outstanding performance/potential; all students can apply; income-independent,21 Sep–18 Oct 2026,Bachelor; Master,,,TU Darmstadt,Germany_Scholarships_Combined_Master_Final
Deutschlandstipendium,DE-FUND-0063,University of Göttingen,300.0,300.0,1 year,Academic achievement + engagement; income-independent,1–30 Sep 2026,Bachelor; Master; State Exam,,,University of Göttingen,Germany_Scholarships_Combined_Master_Final
Landesstipendium Niedersachsen,DE-FUND-0064,University of Göttingen,500.0,500.0,One-time,Merit and/or social criteria under state/university call,1–30 Sep 2026,Bachelor; Master; State Exam,,,University of Göttingen,Germany_Scholarships_Combined_Master_Final
Deutschlandstipendium,DE-FUND-0065,University of Cologne,300.0,300.0,Normally 1 year,Merit plus programme selection criteria,Annual university call,Bachelor; Master; State Exam,,,University of Cologne,Germany_Scholarships_Combined_Master_Final
Social Scholarship,DE-FUND-0066,University of Cologne,,,Programme-specific,Social/financial criteria; exact current call controls eligibility,Annual/call-specific,Bachelor; Master; State Exam,,,University of Cologne,Germany_Scholarships_Combined_Master_Final
Scholarship for Students with Disabilities or Chronic Illness,DE-FUND-0067,University of Cologne,,,Programme-specific,Disability/chronic illness plus current call requirements,Annual/call-specific,Bachelor; Master; State Exam,,,University of Cologne,Germany_Scholarships_Combined_Master_Final
Deutschlandstipendium,DE-FUND-0068,University of Stuttgart,300.0,300.0,Funding year; renewal possible,Achievement plus additional personal/engagement criteria,2026/27 closed; 2027/28 call expected Dec 2026,Bachelor; Master,,,University of Stuttgart,Germany_Scholarships_Combined_Master_Final
ProTalent (Deutschlandstipendium),DE-FUND-0069,University of Münster,300.0,300.0,Funding year,"Good/very good academic performance; personal path, engagement and special circumstances considered",22 Jun–10 Jul 2026,Bachelor; Master; State Exam,,,University of Münster,Germany_Scholarships_Combined_Master_Final
Deutschlandstipendium,DE-FUND-0070,University of Konstanz,300.0,300.0,Initially up to 2 semesters; extension possible to standard study period,Strong academic performance; broader criteria in multi-stage selection,1 Sep–31 Oct 2026,Bachelor; Master,,,University of Konstanz,Germany_Scholarships_Combined_Master_Final
Deutschlandstipendium,DE-FUND-0071,University of Mannheim,300.0,300.0,1 Aug 2026–31 Jul 2027,Talent/performance; no double talent-based material funding,2026/27 call-specific,Bachelor; Master; State Exam,,,University of Mannheim,Germany_Scholarships_Combined_Master_Final
Mannheim Scholarship,DE-FUND-0072,University of Mannheim,150.0,150.0,1 Aug 2026–31 Jul 2027,Current call criteria; city/university selection,2026/27 call-specific,Bachelor; Master; State Exam,,,University of Mannheim,Germany_Scholarships_Combined_Master_Final
Deutschlandstipendium,DE-FUND-0073,Leibniz University Hannover,300.0,300.0,2 semesters,Academic performance + social criteria,10 Aug–30 Sep 2026,Bachelor; Master; State Exam,,,Leibniz University Hannover,Germany_Scholarships_Combined_Master_Final
BIDS@LUH Motivation Scholarship,DE-FUND-0074,Leibniz University Hannover,500.0,500.0,5 months,German/PASCH school graduate; starting studies; ambassador/buddy participation,31 Mar (summer); 30 Sep (winter),Bachelor / first-semester,,,Leibniz University Hannover,Germany_Scholarships_Combined_Master_Final
Emergency Grant for International Students,DE-FUND-0075,Leibniz University Hannover,,,Normally once,Acute temporary emergency through no fault of applicant; enrolled and not on leave,Rolling / office-specific,Bachelor; Master; other degree study,,,Leibniz University Hannover,Germany_Scholarships_Combined_Master_Final
Degree Completion Grant for International Students,DE-FUND-0076,Leibniz University Hannover,,,Completion phase,"Non-EU, specified residence status, final examination registration","Jan, Mar, Jul, Oct application windows",Bachelor; Master; other degree study,,,Leibniz University Hannover,Germany_Scholarships_Combined_Master_Final
Lower Saxony Scholarship,DE-FUND-0077,Leibniz University Hannover,,,Call-specific,State/university selection criteria,12 Oct–1 Nov 2026,Bachelor; Master; State Exam,,,Leibniz University Hannover,Germany_Scholarships_Combined_Master_Final
Deutschlandstipendium,DE-FUND-0078,University of Bayreuth,300.0,300.0,Normally 1 year,Merit + application evidence,8–24 Jun 2026,Bachelor; Master,,,University of Bayreuth,Germany_Scholarships_Combined_Master_Final
International Office Study Grant,DE-FUND-0079,University of Bayreuth,,,Up to 2 semesters,"Enrolment, academic record and supporting documents; availability constrained",31 Aug winter; 28 Feb summer,Bachelor; Master; PhD,,,University of Bayreuth,Germany_Scholarships_Combined_Master_Final
Universitätsstipendium / Deutschlandstipendium,DE-FUND-0080,University of Potsdam,300.0,300.0,Initially 2 semesters,"Performance, motivation, need, achievements, engagement and personal/social circumstances",1–22 Jul 2026,Bachelor; Master,,,University of Potsdam,Germany_Scholarships_Combined_Master_Final
Graduation Scholarship for International Students,DE-FUND-0081,Justus Liebig University Giessen,,,Completion phase,"Academic achievements, financial need, professor review, completion timing and possibly engagement",15 Jun–31 Jul 2026 for WS 2026/27,Bachelor; Master; State Exam,,,Justus Liebig University Giessen,Germany_Scholarships_Combined_Master_Final
Deutschlandstipendium,DE-FUND-0082,Leipzig University,300.0,300.0,Funding-year specific,"Academic/professional performance plus personal path, engagement and circumstances",WS 2026/27 closed,Bachelor; Master; State Exam,,,Leipzig University,Germany_Scholarships_Combined_Master_Final
Deutschlandstipendium,DE-FUND-0083,Friedrich Schiller University Jena,300.0,300.0,Usually initially 1 year,Good grades plus social engagement and special personal achievements,15 Apr 2026,Bachelor; Master; State Exam,,,Friedrich Schiller University Jena,Germany_Scholarships_Combined_Master_Final
Deutschlandstipendium,DE-FUND-0084,Ulm University,300.0,300.0,1 year,Outstanding coursework plus social commitment,Annual call,Bachelor; Master,,,Ulm University,Germany_Scholarships_Combined_Master_Final
Deutschlandstipendium,DE-FUND-0085,University of Bremen,300.0,300.0,Funding year,"Potential, performance, engagement and social/family/personal circumstances",1 Jul–15 Aug 2026 (portal shown),Bachelor; Master; State Exam,,,University of Bremen,Germany_Scholarships_Combined_Master_Final
Deutschlandstipendium,DE-FUND-0086,Saarland University,300.0,300.0,1 Oct–30 Sep,Merit-based; current university rules,Until 30 Jun 2026,Bachelor; Master,,,Saarland University,Germany_Scholarships_Combined_Master_Final
Study Completion Grant,DE-FUND-0087,TU Bergakademie Freiberg,300.0,300.0,Up to 3 months,"Good performance, graduation within 9 months, financial need",Call-specific,Bachelor; Master; PhD,,,TU Bergakademie Freiberg,Germany_Scholarships_Combined_Master_Final
Equal Opportunities Scholarship,DE-FUND-0088,TU Bergakademie Freiberg,,,Call-specific,Special challenges/life circumstances; DAAD STIBET rules,Call-specific,Bachelor; Master; PhD,,,TU Bergakademie Freiberg,Germany_Scholarships_Combined_Master_Final
Georgius Agricola Scholarship,DE-FUND-0089,TU Bergakademie Freiberg,300.0,300.0,1 semester,Outstanding academic results; international student in eligible STEM field,Call-specific,Bachelor; Diploma; Master,,,TU Bergakademie Freiberg,Germany_Scholarships_Combined_Master_Final
Deutschlandstipendium,DE-FUND-0090,TU Dortmund University,300.0,300.0,Funding-year specific,"Good academic performance plus path, engagement, responsibility and personal circumstances",15 Aug–15 Sep 2026,Bachelor; Master,,,TU Dortmund University,Germany_Scholarships_Combined_Master_Final
Deutschlandstipendium,DE-FUND-0091,University of Regensburg,300.0,300.0,At least one year stated on funding page,Outstanding performance/potential,2–15 Nov 2026,Bachelor; Master; State Exam,,,University of Regensburg,Germany_Scholarships_Combined_Master_Final
International Office Study Grant,DE-FUND-0092,University of Regensburg,,,Call-specific,Bachelor/state exam: at least 2 semesters in Regensburg; master: at least 1 semester; financial need,Call-specific,Bachelor; Master,,,University of Regensburg,Germany_Scholarships_Combined_Master_Final
Deutschlandstipendium,DE-FUND-0093,Hamburg University of Technology,300.0,300.0,Normally 1 year; minimum 2 semesters,Talent/performance; no conflicting talent-based material funding above legal threshold,Annual call,Bachelor; Master,,,Hamburg University of Technology,Germany_Scholarships_Combined_Master_Final
Merit Scholarship for International Students,DE-FUND-0094,Hamburg University of Technology,,,Up to 5 months (Aug–Dec 2026 call),Significantly above peers; at least 3 graded exams; no other public funding,20 Aug 2026,Bachelor; Master,,,Hamburg University of Technology,Germany_Scholarships_Combined_Master_Final
Financial Aid for Finalising the Degree,DE-FUND-0095,Hamburg University of Technology,,,Up to 6 months,Financial need + academic record; other income/support deducted,2026 call page contains date inconsistency; verify live call,Bachelor; Master,,,Hamburg University of Technology,Germany_Scholarships_Combined_Master_Final
Deutschlandstipendium,DE-FUND-0096,University of Hohenheim,300.0,300.0,Usually 1 year,Merit plus university criteria; income-independent,2026/27 closed 21 Jun 2026,Bachelor; Master,,,University of Hohenheim,Germany_Scholarships_Combined_Master_Final
Deutschlandstipendium,DE-FUND-0097,TU Braunschweig,300.0,300.0,2 semesters,Talent and academic performance plus engagement/responsibility/personal circumstances,1–30 Jun 2026,Bachelor; Master,,,TU Braunschweig,Germany_Scholarships_Combined_Master_Final
Deutschlandstipendium,DE-FUND-0098,Martin Luther University Halle-Wittenberg,300.0,300.0,Usually 2 semesters; extension possible,"Excellent performance plus awards, work, engagement and personal/social circumstances",Annual WS call,Bachelor; Master; State Exam,,,Martin Luther University Halle-Wittenberg,Germany_Scholarships_Combined_Master_Final
Deutschlandstipendium,DE-FUND-0099,University of Rostock,300.0,300.0,Funding year,"Performance, responsibility and overcoming biographical barriers among criteria",13 Jul–31 Aug 2026,Bachelor; Master; State Exam,,,University of Rostock,Germany_Scholarships_Combined_Master_Final
STIBET Completion Scholarship,DE-FUND-0100,University of Rostock,,,Semester/final phase,"International, final phase, financial challenge; call-specific academic requirements",Twice yearly / call-specific,Bachelor; Master; PhD,,,University of Rostock,Germany_Scholarships_Combined_Master_Final
Deutschlandstipendium,DE-FUND-0101,Philipps University Marburg,300.0,300.0,Oct 2026–Sep 2027,Performance plus engagement and social/family/personal circumstances,22 Jul–31 Aug 2026,Bachelor; Master; State Exam,,,Philipps University Marburg,Germany_Scholarships_Combined_Master_Final
Welcome Scholarship for International Master's Applicants,DE-FUND-0102,University of Wuppertal,1000.0,1000.0,Start-of-study support,International master's applicant; current call controls programme/admission conditions,Current call-specific,Master,,,University of Wuppertal,Germany_Scholarships_Combined_Master_Final
University of Wuppertal Foundation Hardship Support,DE-FUND-0103,University of Wuppertal,,,Call-specific,Financial hardship and foundation rules,Call-specific,Bachelor; Master; other students,,,University of Wuppertal,Germany_Scholarships_Combined_Master_Final
Deutschlandstipendium,DE-FUND-0104,University of Wuppertal,300.0,300.0,Normally 1 year,Merit plus engagement/personal criteria,Annual call,Bachelor; Master,,,University of Wuppertal,Germany_Scholarships_Combined_Master_Final
Study Completion Scholarship for International Students,DE-FUND-0105,Bielefeld University,,,Usually one semester / call-specific,Final study phase; supervisor commitment and work plan; additional criteria per call,Each semester,Bachelor; Master; State Exam,,,Bielefeld University,Germany_Scholarships_Combined_Master_Final
Deutschlandstipendium via Studienfonds OWL,DE-FUND-0106,Bielefeld University,300.0,300.0,1 year,Income-independent; selection by Studienfonds OWL criteria,5 May 2026,Bachelor; Master,,,Bielefeld University,Germany_Scholarships_Combined_Master_Final
Deutschlandstipendium,DE-FUND-0107,University of Greifswald,300.0,300.0,Normally 1 year,Very good performance/potential; faculty-directed application,12 Jun–24 Jul 2026,Bachelor; Master; State Exam,,,University of Greifswald,Germany_Scholarships_Combined_Master_Final
Georgius Agricola Merit Scholarship,DE-FUND-0108,TU Chemnitz,300.0,300.0,Up to 6 months,Bachelor/diploma/state exam from 3rd semester; master from 1st; strong results,21 Oct 2026 on current English page,Bachelor; Diploma; Master; State Exam,,,TU Chemnitz,Germany_Scholarships_Combined_Master_Final
Georgius Agricola Basic Scholarship,DE-FUND-0109,TU Chemnitz,992.0,992.0,Standard period of study,Exceptional talent/potential; eligible nationality; STEM; programme-appropriate German,Next call TBA,Bachelor; Diploma; Master,,,TU Chemnitz,Germany_Scholarships_Combined_Master_Final
Georgius Agricola Full-time Scholarship,DE-FUND-0110,TU Chemnitz,480.0,480.0,Standard study period / call-specific,Eligible nationality and strong academic potential,Next call TBA,Bachelor; Diploma; Master,,,TU Chemnitz,Germany_Scholarships_Combined_Master_Final
AI GlobalMinds,DE-FUND-0111,TU Chemnitz,300.0,300.0,3–6 months,AI field + specified nationality/career stage,15 Sep 2026,Master; PhD,,,TU Chemnitz,Germany_Scholarships_Combined_Master_Final
Deutschlandstipendium,DE-FUND-0112,TU Chemnitz,300.0,300.0,Initially 1 year,Outstanding academic achievement/potential plus engagement/responsibility/personal circumstances,2026 call-specific,Bachelor; Master; State Exam,,,TU Chemnitz,Germany_Scholarships_Combined_Master_Final
Deutschlandstipendium,DE-FUND-0113,University of Bamberg,300.0,300.0,Initially 2 semesters; max standard period,Excellent students; university call criteria,2026/27 closed; next expected Jul 2027,Bachelor; Master,,,University of Bamberg,Germany_Scholarships_Combined_Master_Final
BaTEGS Scholarship,DE-FUND-0114,University of Bamberg,1075.0,1350.0,Mobility-period specific,Teacher education; selected partner mobility; current project criteria,2027/28 application around end Nov 2026,Teacher Education,,,University of Bamberg,Germany_Scholarships_Combined_Master_Final
Deutschlandstipendium,DE-FUND-0115,University of Kassel,300.0,300.0,Normally 1 year,Merit plus university selection criteria,1–30 Sep 2026,Bachelor; Master,,,University of Kassel,Germany_Scholarships_Combined_Master_Final
Deutschlandstipendium via Studienfonds OWL,DE-FUND-0116,Paderborn University,300.0,300.0,1 year,Income-independent; Studienfonds OWL selection,5 May 2026,Bachelor; Master,,,Paderborn University,Germany_Scholarships_Combined_Master_Final
Deutschlandstipendium / Study Support Fund,DE-FUND-0117,University of Siegen,300.0,300.0,Call-specific,Merit and university/fund criteria,Call-specific,Bachelor; Master,,,University of Siegen,Germany_Scholarships_Combined_Master_Final
AWiPro Graduation Scholarship,DE-FUND-0118,University of Siegen,,,Final-thesis phase,Financial need and final thesis / completion phase,Call-specific,Bachelor; Master,,,University of Siegen,Germany_Scholarships_Combined_Master_Final
Your Way to Siegen Student Scholarship,DE-FUND-0119,University of Siegen,500.0,1000.0,Exchange period,"International exchange student; motivation, transcript, Siegen study certificate",Call-specific,Exchange,,,University of Siegen,Germany_Scholarships_Combined_Master_Final
Santander Research Grant for International Doctoral Students,DE-FUND-0120,University of Siegen,,,Call-specific,International doctoral mobility; current call requirements,Call-specific,PhD,,,University of Siegen,Germany_Scholarships_Combined_Master_Final
Deutschlandstipendium,DE-FUND-0121,University of Passau,300.0,300.0,1 Oct 2026–30 Sep 2027,Two-stage selection; university criteria,15 Jun 2026,Bachelor; Master,,,University of Passau,Germany_Scholarships_Combined_Master_Final
Deutschlandstipendium,DE-FUND-0122,Trier University,300.0,300.0,Funding-year specific,"Performance, engagement and personal circumstances",2026/27 application closed 15 May 2026,Bachelor; Master; State Exam,,,Trier University,Germany_Scholarships_Combined_Master_Final
Graduation Scholarship for International Degree Students and Doctoral Candidates,DE-FUND-0123,Trier University,,,Up to final two semesters / call-specific,"Foreign nationality, enrolled for degree, financial need, likely to graduate within max two semesters",9 Oct 2026,Bachelor; Master; PhD,,,Trier University,Germany_Scholarships_Combined_Master_Final
International Student Scholarship (Free State of Bavaria funds),DE-FUND-0124,University of Augsburg,,,Periods Feb–Jul and Sep–Jan; max total 3 years,"Very good study performance, personal qualification, financial need",Twice yearly / call-specific,Bachelor; Master,,,University of Augsburg,Germany_Scholarships_Combined_Master_Final
Deutschlandstipendium,DE-FUND-0125,University of Augsburg,300.0,300.0,Funding-year specific,"Performance plus awards, work/internships, engagement, personal/family circumstances",11 May 2026,Bachelor; Master,,,University of Augsburg,Germany_Scholarships_Combined_Master_Final
Study Scholarships - Master Studies for All Academic Disciplines,DE-FUND-0001,DAAD,,,Programme-specific,First academic degree; country/call-specific requirements,Updated annually; call-specific,Master,,,,Germany_Scholarships_Combined_Master_Final__Scholarships_Master
Research Grants in Germany,DE-FUND-0002,DAAD,,,PhD: 2–12 months; early postdoc: 2–6 months,Doctoral/postdoctoral status; residence and recency rules apply,Multiple 2026 deadlines; country/call-specific,PhD; Postdoc,,,,Germany_Scholarships_Combined_Master_Final__Scholarships_Master
Doctoral Programmes in Germany,DE-FUND-0003,DAAD,,,Doctoral programme-specific,Qualified graduates/doctoral candidates; country-specific rules,31 Aug 2026 shown for one current origin snapshot; verify by origin,PhD,,,,Germany_Scholarships_Combined_Master_Final__Scholarships_Master
Bi-nationally Supervised Doctoral Degrees / Cotutelle,DE-FUND-0004,DAAD,,,Programme-specific,Doctoral project supervised in both countries; call-specific rules,31 Aug 2026 shown for one current origin snapshot; verify by origin,Graduate; PhD,,,,Germany_Scholarships_Combined_Master_Final__Scholarships_Master
University Summer Courses offered in Germany for Foreign Students and Graduates,DE-FUND-0005,DAAD,,,4 weeks,Bachelor students must have completed at least 2 years; German language/course requirements apply,30 Oct annually; applications from 1 Sep,Bachelor; Master,,,,Germany_Scholarships_Combined_Master_Final__Scholarships_Master
Study Scholarships - Postgraduate Studies in the Field of Architecture,DE-FUND-0006,DAAD,,,Programme-specific,Relevant first degree and portfolio/application requirements,23 Sep 2026 shown for current call,Graduate / postgraduate,,,,Germany_Scholarships_Combined_Master_Final__Scholarships_Master
Study Scholarships - Postgraduate Studies in the Field of Music,DE-FUND-0007,DAAD,,,Programme-specific,Relevant first degree; artistic application requirements,24 Sep 2026 shown for current call,Graduate / postgraduate,,,,Germany_Scholarships_Combined_Master_Final__Scholarships_Master
Study Scholarships - Postgraduate Studies in the Field of the Performing Arts,DE-FUND-0008,DAAD,,,Programme-specific,Relevant first degree; artistic application requirements,15 Oct 2026 shown for current call,Graduate / postgraduate,,,,Germany_Scholarships_Combined_Master_Final__Scholarships_Master
"Study Scholarships - Postgraduate Studies in the Fields of Fine Art, Design, Visual Communication and Film",DE-FUND-0009,DAAD,,,Programme-specific,Relevant first degree; artistic portfolio/application requirements,Call-specific,Graduate / postgraduate,,,,Germany_Scholarships_Combined_Master_Final__Scholarships_Master
Study Visits for Academics - Artists and Architects,DE-FUND-0010,DAAD,,,Short-term; call-specific,University teachers/artists; call-specific,31 Aug 2026 shown in current origin snapshot,Graduate; Postdoc; Faculty,,,,Germany_Scholarships_Combined_Master_Final__Scholarships_Master
Re-invitation Programme for Former Scholarship Holders,DE-FUND-0011,DAAD,,,Short-term; call-specific,Former eligible DAAD scholarship holders,31 Aug 2026 shown in current origin snapshot,Former DAAD scholars / researchers,,,,Germany_Scholarships_Combined_Master_Final__Scholarships_Master
Development-Related Postgraduate Courses (EPOS),DE-FUND-0012,DAAD / BMZ,,,Course-specific,Highly qualified specialists/graduates; practical/professional relevance; country and course rules,Course-specific,Master; selected postgraduate,,,,Germany_Scholarships_Combined_Master_Final__Scholarships_Master
Helmut-Schmidt-Programme (Master’s Scholarships for Public Policy and Good Governance - PPGG),DE-FUND-0013,DAAD / Federal Foreign Office,,,Master programme duration + preparatory German course,Qualified first degree; commitment to social/economic development; relevant practical experience valued,Call-specific,Master,,,,Germany_Scholarships_Combined_Master_Final__Scholarships_Master
Humboldt Research Fellowship,DE-FUND-0014,Alexander von Humboldt Foundation,3000.0,3600.0,6–24 months,Above-average research qualifications; German host/collaborator; detailed career-stage rules,Next call opens 15 Nov 2026 (current page),Postdoc; Experienced researcher,,,,Germany_Scholarships_Combined_Master_Final__Scholarships_Master
Georg Forster Research Fellowship,DE-FUND-0015,Alexander von Humboldt Foundation,3000.0,3600.0,6–24 months,Research qualifications + development relevance + country rules,Programme-specific/current call,Postdoc; Experienced researcher,,,,Germany_Scholarships_Combined_Master_Final__Scholarships_Master
CAPES-Humboldt Research Fellowship,DE-FUND-0016,Alexander von Humboldt Foundation / CAPES,,,6–24 months,Brazil-linked eligibility and research qualifications,Call-specific,Postdoc; Experienced researcher,,,,Germany_Scholarships_Combined_Master_Final__Scholarships_Master
International Climate Protection Fellowship,DE-FUND-0017,Alexander von Humboldt Foundation,,,Programme-specific,Climate-relevant project and programme-specific professional/research profile,Call-specific,Graduate; Postdoc,,,,Germany_Scholarships_Combined_Master_Final__Scholarships_Master
Philipp Schwartz Initiative,DE-FUND-0018,Alexander von Humboldt Foundation,,,Up to 24 months; extension up to 12 months possible under co-financing,At-risk status and institutional nomination/host process,Call/institution-specific,Researcher,,,,Germany_Scholarships_Combined_Master_Final__Scholarships_Master
Carl-Zeiss-Humboldt Research Award,DE-FUND-0019,Alexander von Humboldt Foundation,,,Up to 12-month Germany stay possible,Internationally recognised STEM academics,Nomination/call-specific,Established researcher,,,,Germany_Scholarships_Combined_Master_Final__Scholarships_Master
Hezekiah Wardwell Fellowship,DE-FUND-0020,Alexander von Humboldt Foundation,,,Up to two semesters,Musicians or musicologists from Spain; programme-specific rules,Call-specific,Advanced music student / musicologist,,,,Germany_Scholarships_Combined_Master_Final__Scholarships_Master
Avicenna-Studienwerk – Student Scholarship,DE-FUND-0021,Avicenna-Studienwerk,300.0,300.0,Normally tied to eligible study period; provider-specific,Strong academic potential/performance plus social/community engagement; provider profile/values and legal eligibility rules apply,Provider-specific,Bachelor; Master; State examination / eligible degree study,,,,Germany_Scholarships_Combined_Master_Final__Scholarships_Master
Avicenna-Studienwerk – Doctoral Scholarship,DE-FUND-0022,Avicenna-Studienwerk,1650.0,1650.0,Provider-specific; many initially fund multi-year doctoral periods,Above-average degree; strong doctoral project; social/community engagement; provider profile/values and legal eligibility rules apply,Provider-specific,PhD,,,,Germany_Scholarships_Combined_Master_Final__Scholarships_Master
Cusanuswerk e.V. – Student Scholarship,DE-FUND-0023,Cusanuswerk e.V.,300.0,300.0,Normally tied to eligible study period; provider-specific,Strong academic potential/performance plus social/community engagement; provider profile/values and legal eligibility rules apply,Provider-specific,Bachelor; Master; State examination / eligible degree study,,,,Germany_Scholarships_Combined_Master_Final__Scholarships_Master
Cusanuswerk e.V. – Doctoral Scholarship,DE-FUND-0024,Cusanuswerk e.V.,1650.0,1650.0,Provider-specific; many initially fund multi-year doctoral periods,Above-average degree; strong doctoral project; social/community engagement; provider profile/values and legal eligibility rules apply,Provider-specific,PhD,,,,Germany_Scholarships_Combined_Master_Final__Scholarships_Master
Ernst Ludwig Ehrlich Studienwerk – Student Scholarship,DE-FUND-0025,Ernst Ludwig Ehrlich Studienwerk,300.0,300.0,Normally tied to eligible study period; provider-specific,Strong academic potential/performance plus social/community engagement; provider profile/values and legal eligibility rules apply,Provider-specific,Bachelor; Master; State examination / eligible degree study,,,,Germany_Scholarships_Combined_Master_Final__Scholarships_Master
Ernst Ludwig Ehrlich Studienwerk – Doctoral Scholarship,DE-FUND-0026,Ernst Ludwig Ehrlich Studienwerk,1650.0,1650.0,Provider-specific; many initially fund multi-year doctoral periods,Above-average degree; strong doctoral project; social/community engagement; provider profile/values and legal eligibility rules apply,Provider-specific,PhD,,,,Germany_Scholarships_Combined_Master_Final__Scholarships_Master
Evangelisches Studienwerk e.V. Villigst – Student Scholarship,DE-FUND-0027,Evangelisches Studienwerk e.V. Villigst,300.0,300.0,Normally tied to eligible study period; provider-specific,Strong academic potential/performance plus social/community engagement; provider profile/values and legal eligibility rules apply,Provider-specific,Bachelor; Master; State examination / eligible degree study,,,,Germany_Scholarships_Combined_Master_Final__Scholarships_Master
Evangelisches Studienwerk e.V. Villigst – Doctoral Scholarship,DE-FUND-0028,Evangelisches Studienwerk e.V. Villigst,1650.0,1650.0,Provider-specific; many initially fund multi-year doctoral periods,Above-average degree; strong doctoral project; social/community engagement; provider profile/values and legal eligibility rules apply,Provider-specific,PhD,,,,Germany_Scholarships_Combined_Master_Final__Scholarships_Master
Friedrich-Ebert-Stiftung – Student Scholarship,DE-FUND-0029,Friedrich-Ebert-Stiftung,300.0,300.0,Normally tied to eligible study period; provider-specific,Strong academic potential/performance plus social/community engagement; provider profile/values and legal eligibility rules apply,Provider-specific,Bachelor; Master; State examination / eligible degree study,,,,Germany_Scholarships_Combined_Master_Final__Scholarships_Master
Friedrich-Ebert-Stiftung – Doctoral Scholarship,DE-FUND-0030,Friedrich-Ebert-Stiftung,1650.0,1650.0,Provider-specific; many initially fund multi-year doctoral periods,Above-average degree; strong doctoral project; social/community engagement; provider profile/values and legal eligibility rules apply,Provider-specific,PhD,,,,Germany_Scholarships_Combined_Master_Final__Scholarships_Master
Friedrich-Naumann-Stiftung für die Freiheit – Student Scholarship,DE-FUND-0031,Friedrich-Naumann-Stiftung für die Freiheit,300.0,300.0,Normally tied to eligible study period; provider-specific,Strong academic potential/performance plus social/community engagement; provider profile/values and legal eligibility rules apply,Provider-specific,Bachelor; Master; State examination / eligible degree study,,,,Germany_Scholarships_Combined_Master_Final__Scholarships_Master
Friedrich-Naumann-Stiftung für die Freiheit – Doctoral Scholarship,DE-FUND-0032,Friedrich-Naumann-Stiftung für die Freiheit,1650.0,1650.0,Provider-specific; many initially fund multi-year doctoral periods,Above-average degree; strong doctoral project; social/community engagement; provider profile/values and legal eligibility rules apply,Provider-specific,PhD,,,,Germany_Scholarships_Combined_Master_Final__Scholarships_Master
Hanns-Seidel-Stiftung – Student Scholarship,DE-FUND-0033,Hanns-Seidel-Stiftung,300.0,300.0,Normally tied to eligible study period; provider-specific,Strong academic potential/performance plus social/community engagement; provider profile/values and legal eligibility rules apply,Provider-specific,Bachelor; Master; State examination / eligible degree study,,,,Germany_Scholarships_Combined_Master_Final__Scholarships_Master
Hanns-Seidel-Stiftung – Doctoral Scholarship,DE-FUND-0034,Hanns-Seidel-Stiftung,1650.0,1650.0,Provider-specific; many initially fund multi-year doctoral periods,Above-average degree; strong doctoral project; social/community engagement; provider profile/values and legal eligibility rules apply,Provider-specific,PhD,,,,Germany_Scholarships_Combined_Master_Final__Scholarships_Master
Hans-Böckler-Stiftung – Student Scholarship,DE-FUND-0035,Hans-Böckler-Stiftung,300.0,300.0,Normally tied to eligible study period; provider-specific,Strong academic potential/performance plus social/community engagement; provider profile/values and legal eligibility rules apply,Provider-specific,Bachelor; Master; State examination / eligible degree study,,,,Germany_Scholarships_Combined_Master_Final__Scholarships_Master
Hans-Böckler-Stiftung – Doctoral Scholarship,DE-FUND-0036,Hans-Böckler-Stiftung,1650.0,1650.0,Provider-specific; many initially fund multi-year doctoral periods,Above-average degree; strong doctoral project; social/community engagement; provider profile/values and legal eligibility rules apply,Provider-specific,PhD,,,,Germany_Scholarships_Combined_Master_Final__Scholarships_Master
Heinrich-Böll-Stiftung – Student Scholarship,DE-FUND-0037,Heinrich-Böll-Stiftung,300.0,300.0,Normally tied to eligible study period; provider-specific,Strong academic potential/performance plus social/community engagement; provider profile/values and legal eligibility rules apply,Provider-specific,Bachelor; Master; State examination / eligible degree study,,,,Germany_Scholarships_Combined_Master_Final__Scholarships_Master
Heinrich-Böll-Stiftung – Doctoral Scholarship,DE-FUND-0038,Heinrich-Böll-Stiftung,1650.0,1650.0,Provider-specific; many initially fund multi-year doctoral periods,Above-average degree; strong doctoral project; social/community engagement; provider profile/values and legal eligibility rules apply,Provider-specific,PhD,,,,Germany_Scholarships_Combined_Master_Final__Scholarships_Master
Konrad-Adenauer-Stiftung – Student Scholarship,DE-FUND-0039,Konrad-Adenauer-Stiftung,300.0,300.0,Normally tied to eligible study period; provider-specific,Strong academic potential/performance plus social/community engagement; provider profile/values and legal eligibility rules apply,Provider-specific,Bachelor; Master; State examination / eligible degree study,,,,Germany_Scholarships_Combined_Master_Final__Scholarships_Master
Konrad-Adenauer-Stiftung – Doctoral Scholarship,DE-FUND-0040,Konrad-Adenauer-Stiftung,1650.0,1650.0,Provider-specific; many initially fund multi-year doctoral periods,Above-average degree; strong doctoral project; social/community engagement; provider profile/values and legal eligibility rules apply,Provider-specific,PhD,,,,Germany_Scholarships_Combined_Master_Final__Scholarships_Master
Rosa-Luxemburg-Stiftung – Student Scholarship,DE-FUND-0041,Rosa-Luxemburg-Stiftung,300.0,300.0,Normally tied to eligible study period; provider-specific,Strong academic potential/performance plus social/community engagement; provider profile/values and legal eligibility rules apply,Provider-specific,Bachelor; Master; State examination / eligible degree study,,,,Germany_Scholarships_Combined_Master_Final__Scholarships_Master
Rosa-Luxemburg-Stiftung – Doctoral Scholarship,DE-FUND-0042,Rosa-Luxemburg-Stiftung,1650.0,1650.0,Provider-specific; many initially fund multi-year doctoral periods,Above-average degree; strong doctoral project; social/community engagement; provider profile/values and legal eligibility rules apply,Provider-specific,PhD,,,,Germany_Scholarships_Combined_Master_Final__Scholarships_Master
Stiftung der Deutschen Wirtschaft (sdw) – Student Scholarship,DE-FUND-0043,Stiftung der Deutschen Wirtschaft (sdw),300.0,300.0,Normally tied to eligible study period; provider-specific,Strong academic potential/performance plus social/community engagement; provider profile/values and legal eligibility rules apply,Provider-specific,Bachelor; Master; State examination / eligible degree study,,,,Germany_Scholarships_Combined_Master_Final__Scholarships_Master
Stiftung der Deutschen Wirtschaft (sdw) – Doctoral Scholarship,DE-FUND-0044,Stiftung der Deutschen Wirtschaft (sdw),1650.0,1650.0,Provider-specific; many initially fund multi-year doctoral periods,Above-average degree; strong doctoral project; social/community engagement; provider profile/values and legal eligibility rules apply,Provider-specific,PhD,,,,Germany_Scholarships_Combined_Master_Final__Scholarships_Master
Studienstiftung des deutschen Volkes – Student Scholarship,DE-FUND-0045,Studienstiftung des deutschen Volkes,300.0,300.0,Normally tied to eligible study period; provider-specific,Strong academic potential/performance plus social/community engagement; provider profile/values and legal eligibility rules apply,Provider-specific,Bachelor; Master; State examination / eligible degree study,,,,Germany_Scholarships_Combined_Master_Final__Scholarships_Master
Studienstiftung des deutschen Volkes – Doctoral Scholarship,DE-FUND-0046,Studienstiftung des deutschen Volkes,1650.0,1650.0,Provider-specific; many initially fund multi-year doctoral periods,Above-average degree; strong doctoral project; social/community engagement; provider profile/values and legal eligibility rules apply,Provider-specific,PhD,,,,Germany_Scholarships_Combined_Master_Final__Scholarships_Master
Erasmus+ Study Mobility Grant,DE-FUND-0047,European Union / participating higher-education institutions,,,Mobility-period specific,Must be selected through participating home institution and have eligible inter-institutional arrangement,Institution/call-specific,Bachelor; Master; PhD (mobility),,,,Germany_Scholarships_Combined_Master_Final__Scholarships_Master
Deutschlandstipendium,DE-FUND-0048,Technical University of Munich,300.0,300.0,Normally 1 year; renewal rules apply,"Achievement/aptitude plus engagement, responsibility and personal circumstances",2026/27 round closed; next 2027/28 in summer 2027,Bachelor; Master,,,Technical University of Munich,Germany_Scholarships_Combined_Master_Final__Scholarships_Master
Scholarship for International Students,DE-FUND-0049,Technical University of Munich,500.0,1800.0,Can reapply; max funding period 36 months,"Good academic performance + financial need; bachelor generally from 3rd semester, master from 2nd (or 1st if TUM bachelor)",Semester-specific,Bachelor; Master,,,Technical University of Munich,Germany_Scholarships_Combined_Master_Final__Scholarships_Master
Oskar-Karl-Forster Scholarship,DE-FUND-0050,Technical University of Munich,,,Call-specific,Need and programme rules,Call-specific,Bachelor; Master,,,Technical University of Munich,Germany_Scholarships_Combined_Master_Final__Scholarships_Master
Tuition Fee Waiver Scholarship for International Students,DE-FUND-0051,Technical University of Munich,,,Call/semester-specific,Need or special academic performance; exact waiver route depends on case,Semester/call-specific,Bachelor; Master,,,Technical University of Munich,Germany_Scholarships_Combined_Master_Final__Scholarships_Master
SIST LMU Study Scholarship,DE-FUND-0052,Ludwig-Maximilians-Universität München,,,Call-specific,"Academic excellence, subject knowledge and financial need",15 Jan–8 Mar 2026 shown on current page,Bachelor; Master; PhD,,,Ludwig-Maximilians-Universität München,Germany_Scholarships_Combined_Master_Final__Scholarships_Master
Deutschlandstipendium,DE-FUND-0053,Freie Universität Berlin,300.0,300.0,Minimum 2 semesters; extensions possible,"Enrolled/accepted, within standard time to degree; merit plus broader criteria",16 Jul–13 Aug 2026,Bachelor; Master; State Examination,,,Freie Universität Berlin,Germany_Scholarships_Combined_Master_Final__Scholarships_Master
STIBET I Equal Opportunity Scholarships for International Students,DE-FUND-0054,Freie Universität Berlin,250.0,250.0,10 months (Mar–Dec 2026),International degree student; foreign HZB; no German citizenship; special equal-opportunity criterion; enrollment throughout funding,11 Jan 2026,Bachelor; Master; State Examination,,,Freie Universität Berlin,Germany_Scholarships_Combined_Master_Final__Scholarships_Master
Deutschlandstipendium,DE-FUND-0055,Technische Universität Berlin,300.0,300.0,At least 2 semesters,Academic performance + engagement + personal circumstances,15 Jul 2026,Bachelor; Master,,,Technische Universität Berlin,Germany_Scholarships_Combined_Master_Final__Scholarships_Master
DAAD Prize for Outstanding International Students,DE-FUND-0056,Technische Universität Berlin,1000.0,1000.0,One-time,Exceptional academic achievement plus social/intercultural commitment,Usually annual call around May,Bachelor; Master; other degree students,,,Technische Universität Berlin,Germany_Scholarships_Combined_Master_Final__Scholarships_Master
Equal Opportunity Scholarships for International Degree-Seeking Students,DE-FUND-0057,Technische Universität Berlin,,,Call-specific,International student; programme-specific equal-opportunity criteria,Call-specific,Bachelor; Master,,,Technische Universität Berlin,Germany_Scholarships_Combined_Master_Final__Scholarships_Master
International Office Scholarships for International Students,DE-FUND-0058,Technische Universität Dresden,,,Programme-specific,"Depends on full scholarship, first-year motivation, exchange or completion scheme",Programme-specific,Bachelor; Master; other degree study,,,Technische Universität Dresden,Germany_Scholarships_Combined_Master_Final__Scholarships_Master
Deutschlandstipendium,DE-FUND-0059,University of Bonn,300.0,300.0,Funding-year specific,Very good academic performance; extracurricular/non-academic engagement also considered,18 May 2026,Bachelor; Master; State Exam; Church/Magister,,,University of Bonn,Germany_Scholarships_Combined_Master_Final__Scholarships_Master
Merit Scholarship for International Students,DE-FUND-0060,Universität Hamburg,992.0,992.0,Usually up to 12 months; current call status varies,Strong academic performance; non-German citizenship; BAföG-ineligible under stated rules,Currently no further calls on official page,Bachelor; Master; other degree levels,,,Universität Hamburg,Germany_Scholarships_Combined_Master_Final__Scholarships_Master
Graduation Scholarship for International Students,DE-FUND-0061,FAU Erlangen-Nürnberg,1000.0,1000.0,Final phase,International student nearing completion; intended for thesis/final exams,15 Jul 2026 for summer call; winter 2026/27 call announced Sep 2026,Master; State Examination,,,FAU Erlangen-Nürnberg,Germany_Scholarships_Combined_Master_Final__Scholarships_Master
Deutschlandstipendium,DE-FUND-0062,TU Darmstadt,300.0,300.0,1 year,Outstanding performance/potential; all students can apply; income-independent,21 Sep–18 Oct 2026,Bachelor; Master,,,TU Darmstadt,Germany_Scholarships_Combined_Master_Final__Scholarships_Master
Deutschlandstipendium,DE-FUND-0063,University of Göttingen,300.0,300.0,1 year,Academic achievement + engagement; income-independent,1–30 Sep 2026,Bachelor; Master; State Exam,,,University of Göttingen,Germany_Scholarships_Combined_Master_Final__Scholarships_Master
Landesstipendium Niedersachsen,DE-FUND-0064,University of Göttingen,500.0,500.0,One-time,Merit and/or social criteria under state/university call,1–30 Sep 2026,Bachelor; Master; State Exam,,,University of Göttingen,Germany_Scholarships_Combined_Master_Final__Scholarships_Master
Deutschlandstipendium,DE-FUND-0065,University of Cologne,300.0,300.0,Normally 1 year,Merit plus programme selection criteria,Annual university call,Bachelor; Master; State Exam,,,University of Cologne,Germany_Scholarships_Combined_Master_Final__Scholarships_Master
Social Scholarship,DE-FUND-0066,University of Cologne,,,Programme-specific,Social/financial criteria; exact current call controls eligibility,Annual/call-specific,Bachelor; Master; State Exam,,,University of Cologne,Germany_Scholarships_Combined_Master_Final__Scholarships_Master
Scholarship for Students with Disabilities or Chronic Illness,DE-FUND-0067,University of Cologne,,,Programme-specific,Disability/chronic illness plus current call requirements,Annual/call-specific,Bachelor; Master; State Exam,,,University of Cologne,Germany_Scholarships_Combined_Master_Final__Scholarships_Master
Deutschlandstipendium,DE-FUND-0068,University of Stuttgart,300.0,300.0,Funding year; renewal possible,Achievement plus additional personal/engagement criteria,2026/27 closed; 2027/28 call expected Dec 2026,Bachelor; Master,,,University of Stuttgart,Germany_Scholarships_Combined_Master_Final__Scholarships_Master
ProTalent (Deutschlandstipendium),DE-FUND-0069,University of Münster,300.0,300.0,Funding year,"Good/very good academic performance; personal path, engagement and special circumstances considered",22 Jun–10 Jul 2026,Bachelor; Master; State Exam,,,University of Münster,Germany_Scholarships_Combined_Master_Final__Scholarships_Master
Deutschlandstipendium,DE-FUND-0070,University of Konstanz,300.0,300.0,Initially up to 2 semesters; extension possible to standard study period,Strong academic performance; broader criteria in multi-stage selection,1 Sep–31 Oct 2026,Bachelor; Master,,,University of Konstanz,Germany_Scholarships_Combined_Master_Final__Scholarships_Master
Deutschlandstipendium,DE-FUND-0071,University of Mannheim,300.0,300.0,1 Aug 2026–31 Jul 2027,Talent/performance; no double talent-based material funding,2026/27 call-specific,Bachelor; Master; State Exam,,,University of Mannheim,Germany_Scholarships_Combined_Master_Final__Scholarships_Master
Mannheim Scholarship,DE-FUND-0072,University of Mannheim,150.0,150.0,1 Aug 2026–31 Jul 2027,Current call criteria; city/university selection,2026/27 call-specific,Bachelor; Master; State Exam,,,University of Mannheim,Germany_Scholarships_Combined_Master_Final__Scholarships_Master
Deutschlandstipendium,DE-FUND-0073,Leibniz University Hannover,300.0,300.0,2 semesters,Academic performance + social criteria,10 Aug–30 Sep 2026,Bachelor; Master; State Exam,,,Leibniz University Hannover,Germany_Scholarships_Combined_Master_Final__Scholarships_Master
BIDS@LUH Motivation Scholarship,DE-FUND-0074,Leibniz University Hannover,500.0,500.0,5 months,German/PASCH school graduate; starting studies; ambassador/buddy participation,31 Mar (summer); 30 Sep (winter),Bachelor / first-semester,,,Leibniz University Hannover,Germany_Scholarships_Combined_Master_Final__Scholarships_Master
Emergency Grant for International Students,DE-FUND-0075,Leibniz University Hannover,,,Normally once,Acute temporary emergency through no fault of applicant; enrolled and not on leave,Rolling / office-specific,Bachelor; Master; other degree study,,,Leibniz University Hannover,Germany_Scholarships_Combined_Master_Final__Scholarships_Master
Degree Completion Grant for International Students,DE-FUND-0076,Leibniz University Hannover,,,Completion phase,"Non-EU, specified residence status, final examination registration","Jan, Mar, Jul, Oct application windows",Bachelor; Master; other degree study,,,Leibniz University Hannover,Germany_Scholarships_Combined_Master_Final__Scholarships_Master
Lower Saxony Scholarship,DE-FUND-0077,Leibniz University Hannover,,,Call-specific,State/university selection criteria,12 Oct–1 Nov 2026,Bachelor; Master; State Exam,,,Leibniz University Hannover,Germany_Scholarships_Combined_Master_Final__Scholarships_Master
Deutschlandstipendium,DE-FUND-0078,University of Bayreuth,300.0,300.0,Normally 1 year,Merit + application evidence,8–24 Jun 2026,Bachelor; Master,,,University of Bayreuth,Germany_Scholarships_Combined_Master_Final__Scholarships_Master
International Office Study Grant,DE-FUND-0079,University of Bayreuth,,,Up to 2 semesters,"Enrolment, academic record and supporting documents; availability constrained",31 Aug winter; 28 Feb summer,Bachelor; Master; PhD,,,University of Bayreuth,Germany_Scholarships_Combined_Master_Final__Scholarships_Master
Universitätsstipendium / Deutschlandstipendium,DE-FUND-0080,University of Potsdam,300.0,300.0,Initially 2 semesters,"Performance, motivation, need, achievements, engagement and personal/social circumstances",1–22 Jul 2026,Bachelor; Master,,,University of Potsdam,Germany_Scholarships_Combined_Master_Final__Scholarships_Master
Graduation Scholarship for International Students,DE-FUND-0081,Justus Liebig University Giessen,,,Completion phase,"Academic achievements, financial need, professor review, completion timing and possibly engagement",15 Jun–31 Jul 2026 for WS 2026/27,Bachelor; Master; State Exam,,,Justus Liebig University Giessen,Germany_Scholarships_Combined_Master_Final__Scholarships_Master
Deutschlandstipendium,DE-FUND-0082,Leipzig University,300.0,300.0,Funding-year specific,"Academic/professional performance plus personal path, engagement and circumstances",WS 2026/27 closed,Bachelor; Master; State Exam,,,Leipzig University,Germany_Scholarships_Combined_Master_Final__Scholarships_Master
Deutschlandstipendium,DE-FUND-0083,Friedrich Schiller University Jena,300.0,300.0,Usually initially 1 year,Good grades plus social engagement and special personal achievements,15 Apr 2026,Bachelor; Master; State Exam,,,Friedrich Schiller University Jena,Germany_Scholarships_Combined_Master_Final__Scholarships_Master
Deutschlandstipendium,DE-FUND-0084,Ulm University,300.0,300.0,1 year,Outstanding coursework plus social commitment,Annual call,Bachelor; Master,,,Ulm University,Germany_Scholarships_Combined_Master_Final__Scholarships_Master
Deutschlandstipendium,DE-FUND-0085,University of Bremen,300.0,300.0,Funding year,"Potential, performance, engagement and social/family/personal circumstances",1 Jul–15 Aug 2026 (portal shown),Bachelor; Master; State Exam,,,University of Bremen,Germany_Scholarships_Combined_Master_Final__Scholarships_Master
Deutschlandstipendium,DE-FUND-0086,Saarland University,300.0,300.0,1 Oct–30 Sep,Merit-based; current university rules,Until 30 Jun 2026,Bachelor; Master,,,Saarland University,Germany_Scholarships_Combined_Master_Final__Scholarships_Master
Study Completion Grant,DE-FUND-0087,TU Bergakademie Freiberg,300.0,300.0,Up to 3 months,"Good performance, graduation within 9 months, financial need",Call-specific,Bachelor; Master; PhD,,,TU Bergakademie Freiberg,Germany_Scholarships_Combined_Master_Final__Scholarships_Master
Equal Opportunities Scholarship,DE-FUND-0088,TU Bergakademie Freiberg,,,Call-specific,Special challenges/life circumstances; DAAD STIBET rules,Call-specific,Bachelor; Master; PhD,,,TU Bergakademie Freiberg,Germany_Scholarships_Combined_Master_Final__Scholarships_Master
Georgius Agricola Scholarship,DE-FUND-0089,TU Bergakademie Freiberg,300.0,300.0,1 semester,Outstanding academic results; international student in eligible STEM field,Call-specific,Bachelor; Diploma; Master,,,TU Bergakademie Freiberg,Germany_Scholarships_Combined_Master_Final__Scholarships_Master
Deutschlandstipendium,DE-FUND-0090,TU Dortmund University,300.0,300.0,Funding-year specific,"Good academic performance plus path, engagement, responsibility and personal circumstances",15 Aug–15 Sep 2026,Bachelor; Master,,,TU Dortmund University,Germany_Scholarships_Combined_Master_Final__Scholarships_Master
Deutschlandstipendium,DE-FUND-0091,University of Regensburg,300.0,300.0,At least one year stated on funding page,Outstanding performance/potential,2–15 Nov 2026,Bachelor; Master; State Exam,,,University of Regensburg,Germany_Scholarships_Combined_Master_Final__Scholarships_Master
International Office Study Grant,DE-FUND-0092,University of Regensburg,,,Call-specific,Bachelor/state exam: at least 2 semesters in Regensburg; master: at least 1 semester; financial need,Call-specific,Bachelor; Master,,,University of Regensburg,Germany_Scholarships_Combined_Master_Final__Scholarships_Master
Deutschlandstipendium,DE-FUND-0093,Hamburg University of Technology,300.0,300.0,Normally 1 year; minimum 2 semesters,Talent/performance; no conflicting talent-based material funding above legal threshold,Annual call,Bachelor; Master,,,Hamburg University of Technology,Germany_Scholarships_Combined_Master_Final__Scholarships_Master
Merit Scholarship for International Students,DE-FUND-0094,Hamburg University of Technology,,,Up to 5 months (Aug–Dec 2026 call),Significantly above peers; at least 3 graded exams; no other public funding,20 Aug 2026,Bachelor; Master,,,Hamburg University of Technology,Germany_Scholarships_Combined_Master_Final__Scholarships_Master
Financial Aid for Finalising the Degree,DE-FUND-0095,Hamburg University of Technology,,,Up to 6 months,Financial need + academic record; other income/support deducted,2026 call page contains date inconsistency; verify live call,Bachelor; Master,,,Hamburg University of Technology,Germany_Scholarships_Combined_Master_Final__Scholarships_Master
Deutschlandstipendium,DE-FUND-0096,University of Hohenheim,300.0,300.0,Usually 1 year,Merit plus university criteria; income-independent,2026/27 closed 21 Jun 2026,Bachelor; Master,,,University of Hohenheim,Germany_Scholarships_Combined_Master_Final__Scholarships_Master
Deutschlandstipendium,DE-FUND-0097,TU Braunschweig,300.0,300.0,2 semesters,Talent and academic performance plus engagement/responsibility/personal circumstances,1–30 Jun 2026,Bachelor; Master,,,TU Braunschweig,Germany_Scholarships_Combined_Master_Final__Scholarships_Master
Deutschlandstipendium,DE-FUND-0098,Martin Luther University Halle-Wittenberg,300.0,300.0,Usually 2 semesters; extension possible,"Excellent performance plus awards, work, engagement and personal/social circumstances",Annual WS call,Bachelor; Master; State Exam,,,Martin Luther University Halle-Wittenberg,Germany_Scholarships_Combined_Master_Final__Scholarships_Master
Deutschlandstipendium,DE-FUND-0099,University of Rostock,300.0,300.0,Funding year,"Performance, responsibility and overcoming biographical barriers among criteria",13 Jul–31 Aug 2026,Bachelor; Master; State Exam,,,University of Rostock,Germany_Scholarships_Combined_Master_Final__Scholarships_Master
STIBET Completion Scholarship,DE-FUND-0100,University of Rostock,,,Semester/final phase,"International, final phase, financial challenge; call-specific academic requirements",Twice yearly / call-specific,Bachelor; Master; PhD,,,University of Rostock,Germany_Scholarships_Combined_Master_Final__Scholarships_Master
Deutschlandstipendium,DE-FUND-0101,Philipps University Marburg,300.0,300.0,Oct 2026–Sep 2027,Performance plus engagement and social/family/personal circumstances,22 Jul–31 Aug 2026,Bachelor; Master; State Exam,,,Philipps University Marburg,Germany_Scholarships_Combined_Master_Final__Scholarships_Master
Welcome Scholarship for International Master's Applicants,DE-FUND-0102,University of Wuppertal,1000.0,1000.0,Start-of-study support,International master's applicant; current call controls programme/admission conditions,Current call-specific,Master,,,University of Wuppertal,Germany_Scholarships_Combined_Master_Final__Scholarships_Master
University of Wuppertal Foundation Hardship Support,DE-FUND-0103,University of Wuppertal,,,Call-specific,Financial hardship and foundation rules,Call-specific,Bachelor; Master; other students,,,University of Wuppertal,Germany_Scholarships_Combined_Master_Final__Scholarships_Master
Deutschlandstipendium,DE-FUND-0104,University of Wuppertal,300.0,300.0,Normally 1 year,Merit plus engagement/personal criteria,Annual call,Bachelor; Master,,,University of Wuppertal,Germany_Scholarships_Combined_Master_Final__Scholarships_Master
Study Completion Scholarship for International Students,DE-FUND-0105,Bielefeld University,,,Usually one semester / call-specific,Final study phase; supervisor commitment and work plan; additional criteria per call,Each semester,Bachelor; Master; State Exam,,,Bielefeld University,Germany_Scholarships_Combined_Master_Final__Scholarships_Master
Deutschlandstipendium via Studienfonds OWL,DE-FUND-0106,Bielefeld University,300.0,300.0,1 year,Income-independent; selection by Studienfonds OWL criteria,5 May 2026,Bachelor; Master,,,Bielefeld University,Germany_Scholarships_Combined_Master_Final__Scholarships_Master
Deutschlandstipendium,DE-FUND-0107,University of Greifswald,300.0,300.0,Normally 1 year,Very good performance/potential; faculty-directed application,12 Jun–24 Jul 2026,Bachelor; Master; State Exam,,,University of Greifswald,Germany_Scholarships_Combined_Master_Final__Scholarships_Master
Georgius Agricola Merit Scholarship,DE-FUND-0108,TU Chemnitz,300.0,300.0,Up to 6 months,Bachelor/diploma/state exam from 3rd semester; master from 1st; strong results,21 Oct 2026 on current English page,Bachelor; Diploma; Master; State Exam,,,TU Chemnitz,Germany_Scholarships_Combined_Master_Final__Scholarships_Master
Georgius Agricola Basic Scholarship,DE-FUND-0109,TU Chemnitz,992.0,992.0,Standard period of study,Exceptional talent/potential; eligible nationality; STEM; programme-appropriate German,Next call TBA,Bachelor; Diploma; Master,,,TU Chemnitz,Germany_Scholarships_Combined_Master_Final__Scholarships_Master
Georgius Agricola Full-time Scholarship,DE-FUND-0110,TU Chemnitz,480.0,480.0,Standard study period / call-specific,Eligible nationality and strong academic potential,Next call TBA,Bachelor; Diploma; Master,,,TU Chemnitz,Germany_Scholarships_Combined_Master_Final__Scholarships_Master
AI GlobalMinds,DE-FUND-0111,TU Chemnitz,300.0,300.0,3–6 months,AI field + specified nationality/career stage,15 Sep 2026,Master; PhD,,,TU Chemnitz,Germany_Scholarships_Combined_Master_Final__Scholarships_Master
Deutschlandstipendium,DE-FUND-0112,TU Chemnitz,300.0,300.0,Initially 1 year,Outstanding academic achievement/potential plus engagement/responsibility/personal circumstances,2026 call-specific,Bachelor; Master; State Exam,,,TU Chemnitz,Germany_Scholarships_Combined_Master_Final__Scholarships_Master
Deutschlandstipendium,DE-FUND-0113,University of Bamberg,300.0,300.0,Initially 2 semesters; max standard period,Excellent students; university call criteria,2026/27 closed; next expected Jul 2027,Bachelor; Master,,,University of Bamberg,Germany_Scholarships_Combined_Master_Final__Scholarships_Master
BaTEGS Scholarship,DE-FUND-0114,University of Bamberg,1075.0,1350.0,Mobility-period specific,Teacher education; selected partner mobility; current project criteria,2027/28 application around end Nov 2026,Teacher Education,,,University of Bamberg,Germany_Scholarships_Combined_Master_Final__Scholarships_Master
Deutschlandstipendium,DE-FUND-0115,University of Kassel,300.0,300.0,Normally 1 year,Merit plus university selection criteria,1–30 Sep 2026,Bachelor; Master,,,University of Kassel,Germany_Scholarships_Combined_Master_Final__Scholarships_Master
Deutschlandstipendium via Studienfonds OWL,DE-FUND-0116,Paderborn University,300.0,300.0,1 year,Income-independent; Studienfonds OWL selection,5 May 2026,Bachelor; Master,,,Paderborn University,Germany_Scholarships_Combined_Master_Final__Scholarships_Master
Deutschlandstipendium / Study Support Fund,DE-FUND-0117,University of Siegen,300.0,300.0,Call-specific,Merit and university/fund criteria,Call-specific,Bachelor; Master,,,University of Siegen,Germany_Scholarships_Combined_Master_Final__Scholarships_Master
AWiPro Graduation Scholarship,DE-FUND-0118,University of Siegen,,,Final-thesis phase,Financial need and final thesis / completion phase,Call-specific,Bachelor; Master,,,University of Siegen,Germany_Scholarships_Combined_Master_Final__Scholarships_Master
Your Way to Siegen Student Scholarship,DE-FUND-0119,University of Siegen,500.0,1000.0,Exchange period,"International exchange student; motivation, transcript, Siegen study certificate",Call-specific,Exchange,,,University of Siegen,Germany_Scholarships_Combined_Master_Final__Scholarships_Master
Santander Research Grant for International Doctoral Students,DE-FUND-0120,University of Siegen,,,Call-specific,International doctoral mobility; current call requirements,Call-specific,PhD,,,University of Siegen,Germany_Scholarships_Combined_Master_Final__Scholarships_Master
Deutschlandstipendium,DE-FUND-0121,University of Passau,300.0,300.0,1 Oct 2026–30 Sep 2027,Two-stage selection; university criteria,15 Jun 2026,Bachelor; Master,,,University of Passau,Germany_Scholarships_Combined_Master_Final__Scholarships_Master
Deutschlandstipendium,DE-FUND-0122,Trier University,300.0,300.0,Funding-year specific,"Performance, engagement and personal circumstances",2026/27 application closed 15 May 2026,Bachelor; Master; State Exam,,,Trier University,Germany_Scholarships_Combined_Master_Final__Scholarships_Master
Graduation Scholarship for International Degree Students and Doctoral Candidates,DE-FUND-0123,Trier University,,,Up to final two semesters / call-specific,"Foreign nationality, enrolled for degree, financial need, likely to graduate within max two semesters",9 Oct 2026,Bachelor; Master; PhD,,,Trier University,Germany_Scholarships_Combined_Master_Final__Scholarships_Master
International Student Scholarship (Free State of Bavaria funds),DE-FUND-0124,University of Augsburg,,,Periods Feb–Jul and Sep–Jan; max total 3 years,"Very good study performance, personal qualification, financial need",Twice yearly / call-specific,Bachelor; Master,,,University of Augsburg,Germany_Scholarships_Combined_Master_Final__Scholarships_Master
Deutschlandstipendium,DE-FUND-0125,University of Augsburg,300.0,300.0,Funding-year specific,"Performance plus awards, work/internships, engagement, personal/family circumstances",11 May 2026,Bachelor; Master,,,University of Augsburg,Germany_Scholarships_Combined_Master_Final__Scholarships_Master
,,,,,,,,,,,,Germany_Scholarships_Combined_Master_Final__Dataset_Summary
,,,,,,,,,,,,Germany_Scholarships_Combined_Master_Final__Dataset_Summary
,,,,,,,,,,,,Germany_Scholarships_Combined_Master_Final__Dataset_Summary
,,,,,,,,,,,,Germany_Scholarships_Combined_Master_Final__Dataset_Summary
,,,,,,,,,,,,Germany_Scholarships_Combined_Master_Final__Dataset_Summary
,,,,,,,,,,,,Germany_Scholarships_Combined_Master_Final__Dataset_Summary
,,,,,,,,,,,,Germany_Scholarships_Combined_Master_Final__Dataset_Summary
,,,,,,,,,,,,Germany_Scholarships_Combined_Master_Final__Dataset_Summary
,,,,,,,,,,,,Germany_Scholarships_Combined_Master_Final__Dataset_Summary
,,,,,,,,,Scholarship_ID,,,Germany_Scholarships_Combined_Master_Final__Data_Dictionary
,,,,,,,,,Record_Scope,,,Germany_Scholarships_Combined_Master_Final__Data_Dictionary
,,,,,,,,,Amount_Min_EUR / Amount_Max_EUR,,,Germany_Scholarships_Combined_Master_Final__Data_Dictionary
,,,,,,,,,Monthly_Stipend_EUR,,,Germany_Scholarships_Combined_Master_Final__Data_Dictionary
,,,,,,,,,International_Eligible,,,Germany_Scholarships_Combined_Master_Final__Data_Dictionary
,,,,,,,,,Eligibility_Summary,,,Germany_Scholarships_Combined_Master_Final__Data_Dictionary
,,,,,,,,,Status_2026,,,Germany_Scholarships_Combined_Master_Final__Data_Dictionary
,,,,,,,,,Source_URL,,,Germany_Scholarships_Combined_Master_Final__Data_Dictionary
,,,,,,,,,Source_Quality,,,Germany_Scholarships_Combined_Master_Final__Data_Dictionary
,,,,,,,,,Last_Checked,,,Germany_Scholarships_Combined_Master_Final__Data_Dictionary
,,,,,,,,,Source_Dataset,,,Germany_Scholarships_Combined_Master_Final__Data_Dictionary
