state,universities,courses,scholarships,companies,total_education_records
Baden-Württemberg,9,454,0,41,463
Bavaria,9,482,0,49,491
Berlin,3,198,0,71,201
Brandenburg,1,286,0,3,287
Bremen,1,182,0,11,183
Hamburg,2,96,0,17,98
Hesse,5,508,0,21,513
Lower Saxony,4,660,0,13,664
Mecklenburg-Vorpommern,2,138,0,5,140
North Rhine-Westphalia,12,1138,0,33,1150
Rhineland-Palatinate,3,242,0,11,245
Saarland,1,214,0,3,215
Saxony,4,352,0,19,356
Saxony-Anhalt,2,728,0,3,730
Schleswig-Holstein,1,234,0,5,235
Thuringia,1,544,0,9,545
