state,universities,courses,scholarships,companies,total_education_records,companies_per_university,courses_per_university,scholarships_per_university
Baden-Württemberg,9,454,0,41,463,4.56,50.44,0.0
Bavaria,9,482,0,49,491,5.44,53.56,0.0
Berlin,3,198,0,71,201,23.67,66.0,0.0
Brandenburg,1,286,0,3,287,3.0,286.0,0.0
Bremen,1,182,0,11,183,11.0,182.0,0.0
Hamburg,2,96,0,17,98,8.5,48.0,0.0
Hesse,5,508,0,21,513,4.2,101.6,0.0
Lower Saxony,4,660,0,13,664,3.25,165.0,0.0
Mecklenburg-Vorpommern,2,138,0,5,140,2.5,69.0,0.0
North Rhine-Westphalia,12,1138,0,33,1150,2.75,94.83,0.0
Rhineland-Palatinate,3,242,0,11,245,3.67,80.67,0.0
Saarland,1,214,0,3,215,3.0,214.0,0.0
Saxony,4,352,0,19,356,4.75,88.0,0.0
Saxony-Anhalt,2,728,0,3,730,1.5,364.0,0.0
Schleswig-Holstein,1,234,0,5,235,5.0,234.0,0.0
Thuringia,1,544,0,9,545,9.0,544.0,0.0
