state,industry,company_count
Berlin,FinTech,8
Saxony,Semiconductors,8
Bavaria,Robotics,6
North Rhine-Westphalia,Biotechnology,6
Berlin,Biotechnology,6
Saxony,Automotive,6
Berlin,Enterprise Software,4
Bavaria,Biotechnology,4
Berlin,FinTech Software,4
Bremen,Space Technology,4
Bavaria,Enterprise Software,4
Baden-Württemberg,Biotechnology,4
Baden-Württemberg,Automotive,4
Hesse,Banking,4
Rhineland-Palatinate,Biotechnology,4
North Rhine-Westphalia,Energy,4
Baden-Württemberg,Optics/MedTech,2
Baden-Württemberg,Technology Consulting,2
Bavaria,Aerospace,2
Baden-Württemberg,Robotics / AI,2
Baden-Württemberg,Software,2
Bavaria,Automotive/Industrial,2
Baden-Württemberg,Life Sciences,2
Baden-Württemberg,Quantum / AI Hardware,2
Baden-Württemberg,Robotics,2
Baden-Württemberg,Automation,2
Baden-Württemberg,Automotive Software,2
Baden-Württemberg,Enterprise Software,2
Baden-Württemberg,AI / Software,2
Bavaria,Industrial Technology,2
Bavaria,Industrial IoT,2
Bavaria,Electric Mobility,2
Bavaria,Drones,2
Bavaria,Climate Software,2
Bavaria,Mobility Technology,2
Bavaria,Medical Technology,2
Bavaria,Insurance,2
Bavaria,Robotics / Mobility,2
Bavaria,Semiconductors,2
Berlin,AI Infrastructure,2
Berlin,AI / Software,2
Berlin,AI Marketing Software,2
Bavaria,Reinsurance,2
Bavaria,Robotics / Defense Technology,2
Bavaria,Logistics Robotics,2
Berlin,Cloud Data Infrastructure,2
Berlin,Climate Biotech,2
Berlin,Artificial Intelligence,2
Berlin,Collaboration Software,2
Berlin,Drones / Robotics,2
Berlin,Delivery Technology,2
Berlin,Digital Freight,2
Berlin,Digital Logistics,2
Berlin,Energy Technology,2
Bavaria,Automotive,2
Bavaria,Commercial Vehicles,2
Baden-Württemberg,Industrial Machinery,2
Baden-Württemberg,Industrial Robotics,2
Baden-Württemberg,Industrial Technology,2
Baden-Württemberg,Artificial Intelligence,2
Baden-Württemberg,Advanced Air Mobility,2
Berlin,Privacy-Preserving AI,2
Berlin,Industrial AI / Robotics,2
Berlin,Food Technology,2
Berlin,FinTech Infrastructure,2
Berlin,Enterprise AI,2
Berlin,E-Commerce/Technology,2
Berlin,Energy,2
Berlin,Transport/Rail,2
Bremen,Industrial Software,2
Bremen,Logistics,2
Hamburg,Aerospace,2
Berlin,Robotics,2
Berlin,Workflow Automation,2
Brandenburg,Automotive/Batteries,2
Bremen,Automotive Manufacturing,2
Berlin,Semiconductors / AI,2
Hamburg,Life Sciences,2
Hamburg,Retail/E-Commerce,2
Hesse,Aerospace / Space,2
Hamburg,Shipping,2
Hesse,Aviation,2
Hesse,Drones,2
Hesse,Enterprise Software,2
Hesse,Financial Infrastructure,2
Hesse,Financial Technology,2
Hesse,Life Sciences/Chemicals,2
Hesse,Supply Chain / Software,2
Hamburg,Aviation Services,2
Hamburg,Clean Energy Technology,2
Hamburg,Consumer Health/Cosmetics,2
Hamburg,E-Commerce Technology,2
Berlin,Travel Technology,2
Lower Saxony,Optics / Life Sciences,2
Lower Saxony,Life Sciences Technology,2
Lower Saxony,Biotechnology,2
Lower Saxony,Automotive Technology,2
Lower Saxony,Automotive,2
North Rhine-Westphalia,Artificial Intelligence,2
Mecklenburg-Vorpommern,Tourism/Maritime,2
Lower Saxony,Travel,2
North Rhine-Westphalia,Defense/Automotive Technology,2
North Rhine-Westphalia,E-Grocery Technology,2
North Rhine-Westphalia,Industrial Engineering,2
North Rhine-Westphalia,Life Sciences,2
North Rhine-Westphalia,Logistics,2
North Rhine-Westphalia,Bioinformatics,2
North Rhine-Westphalia,Chemicals/Consumer Products,2
Mecklenburg-Vorpommern,Medical Technology,2
North Rhine-Westphalia,Travel Technology,2
North Rhine-Westphalia,Telecommunications,2
North Rhine-Westphalia,Specialty Chemicals,2
Rhineland-Palatinate,Industrial Robotics,2
Rhineland-Palatinate,Specialty Glass/Materials,2
Saarland,Automotive Technology,2
Saxony,Enterprise Software,2
Rhineland-Palatinate,Chemicals,2
Saxony,Robotics Software,2
Saxony-Anhalt,Robotics Software,2
Schleswig-Holstein,Diagnostics,2
Schleswig-Holstein,Medical/Safety Technology,2
Thuringia,Medical Technology,2
Thuringia,Optics,2
Thuringia,Photonics,2
Thuringia,Semiconductors,2
