state,universities,courses,scholarships,companies,university_linked_scholarship_records,universities_with_linked_scholarships,state_explicit_scholarship_records,university_linked_scholarships_per_university,total_education_records,companies_per_university,courses_per_university,scholarships_per_university,scholarship_metric_note
Baden-Württemberg,9,454,4,41,4,2,0,0.44,463,4.56,50.44,0.44,University-linked scholarship records derived from university_scholarship_summary; not a count of every scholarship available to students in the state.
Bavaria,9,482,20,49,20,5,0,2.22,491,5.44,53.56,2.22,University-linked scholarship records derived from university_scholarship_summary; not a count of every scholarship available to students in the state.
Berlin,3,198,0,71,0,0,0,0.0,201,23.67,66.0,0.0,University-linked scholarship records derived from university_scholarship_summary; not a count of every scholarship available to students in the state.
Brandenburg,1,286,0,3,0,0,0,0.0,287,3.0,286.0,0.0,University-linked scholarship records derived from university_scholarship_summary; not a count of every scholarship available to students in the state.
Bremen,1,182,0,11,0,0,0,0.0,183,11.0,182.0,0.0,University-linked scholarship records derived from university_scholarship_summary; not a count of every scholarship available to students in the state.
Hamburg,2,96,2,17,2,1,0,1.0,98,8.5,48.0,1.0,University-linked scholarship records derived from university_scholarship_summary; not a count of every scholarship available to students in the state.
Hesse,5,508,0,21,0,0,0,0.0,513,4.2,101.6,0.0,University-linked scholarship records derived from university_scholarship_summary; not a count of every scholarship available to students in the state.
Lower Saxony,4,660,14,13,14,2,0,3.5,664,3.25,165.0,3.5,University-linked scholarship records derived from university_scholarship_summary; not a count of every scholarship available to students in the state.
Mecklenburg-Vorpommern,2,138,0,5,0,0,0,0.0,140,2.5,69.0,0.0,University-linked scholarship records derived from university_scholarship_summary; not a count of every scholarship available to students in the state.
North Rhine-Westphalia,12,1138,14,33,14,4,0,1.17,1150,2.75,94.83,1.17,University-linked scholarship records derived from university_scholarship_summary; not a count of every scholarship available to students in the state.
Rhineland-Palatinate,3,242,0,11,0,0,0,0.0,245,3.67,80.67,0.0,University-linked scholarship records derived from university_scholarship_summary; not a count of every scholarship available to students in the state.
Saarland,1,214,2,3,2,1,0,2.0,215,3.0,214.0,2.0,University-linked scholarship records derived from university_scholarship_summary; not a count of every scholarship available to students in the state.
Saxony,4,352,2,19,2,1,0,0.5,356,4.75,88.0,0.5,University-linked scholarship records derived from university_scholarship_summary; not a count of every scholarship available to students in the state.
Saxony-Anhalt,2,728,0,3,0,0,0,0.0,730,1.5,364.0,0.0,University-linked scholarship records derived from university_scholarship_summary; not a count of every scholarship available to students in the state.
Schleswig-Holstein,1,234,0,5,0,0,0,0.0,235,5.0,234.0,0.0,University-linked scholarship records derived from university_scholarship_summary; not a count of every scholarship available to students in the state.
Thuringia,1,544,0,9,0,0,0,0.0,545,9.0,544.0,0.0,University-linked scholarship records derived from university_scholarship_summary; not a count of every scholarship available to students in the state.
