university_name,state,city,type,website,ranking,international,source_dataset
Technical University of Munich,Bavaria,Munich,Technical University of Munich,Technical University of Munich,QS World University Rankings 2027,,Germany_QS_2027_60_Universities_Dataset__60_Universities
Ludwig-Maximilians-Universität München,Bavaria,Munich,Ludwig-Maximilians-Universität München,Ludwig-Maximilians-Universität München,QS World University Rankings 2027,,Germany_QS_2027_60_Universities_Dataset__60_Universities
Universität Heidelberg,Baden-Württemberg,Heidelberg,Universität Heidelberg,Universität Heidelberg,QS World University Rankings 2027,,Germany_QS_2027_60_Universities_Dataset__60_Universities
Freie Universitaet Berlin,Berlin,Berlin,Freie Universitaet Berlin,Freie Universitaet Berlin,QS World University Rankings 2027,,Germany_QS_2027_60_Universities_Dataset__60_Universities
RWTH Aachen University,North Rhine-Westphalia,Aachen,RWTH Aachen University,RWTH Aachen University,QS World University Rankings 2027,,Germany_QS_2027_60_Universities_Dataset__60_Universities
"KIT, Karlsruhe Institute of Technology",Baden-Württemberg,Karlsruhe,"KIT, Karlsruhe Institute of Technology","KIT, Karlsruhe Institute of Technology",QS World University Rankings 2027,,Germany_QS_2027_60_Universities_Dataset__60_Universities
Humboldt-Universität zu Berlin,Berlin,Berlin,Humboldt-Universität zu Berlin,Humboldt-Universität zu Berlin,QS World University Rankings 2027,,Germany_QS_2027_60_Universities_Dataset__60_Universities
Technische Universität Berlin (TU Berlin),Berlin,Berlin,Technische Universität Berlin (TU Berlin),Technische Universität Berlin (TU Berlin),QS World University Rankings 2027,,Germany_QS_2027_60_Universities_Dataset__60_Universities
Technische Universität Dresden,Saxony,Dresden,Technische Universität Dresden,Technische Universität Dresden,QS World University Rankings 2027,,Germany_QS_2027_60_Universities_Dataset__60_Universities
Rheinische Friedrich-Wilhelms-Universität Bonn,North Rhine-Westphalia,Bonn,Rheinische Friedrich-Wilhelms-Universität Bonn,Rheinische Friedrich-Wilhelms-Universität Bonn,QS World University Rankings 2027,,Germany_QS_2027_60_Universities_Dataset__60_Universities
Universität Hamburg,Hamburg,Hamburg,Universität Hamburg,Universität Hamburg,QS World University Rankings 2027,,Germany_QS_2027_60_Universities_Dataset__60_Universities
Friedrich-Alexander-Universität Erlangen-Nürnberg,Bavaria,Erlangen,Friedrich-Alexander-Universität Erlangen-Nürnberg,Friedrich-Alexander-Universität Erlangen-Nürnberg,QS World University Rankings 2027,,Germany_QS_2027_60_Universities_Dataset__60_Universities
Eberhard Karls Universität Tübingen,Baden-Württemberg,Tübingen,Eberhard Karls Universität Tübingen,Eberhard Karls Universität Tübingen,QS World University Rankings 2027,,Germany_QS_2027_60_Universities_Dataset__60_Universities
Albert-Ludwigs-Universitaet Freiburg,Baden-Württemberg,Freiburg im Breisgau,Albert-Ludwigs-Universitaet Freiburg,Albert-Ludwigs-Universitaet Freiburg,QS World University Rankings 2027,,Germany_QS_2027_60_Universities_Dataset__60_Universities
Technical University of Darmstadt,Hesse,Darmstadt,Technical University of Darmstadt,Technical University of Darmstadt,QS World University Rankings 2027,,Germany_QS_2027_60_Universities_Dataset__60_Universities
University of Göttingen,Lower Saxony,Göttingen,University of Göttingen,University of Göttingen,QS World University Rankings 2027,,Germany_QS_2027_60_Universities_Dataset__60_Universities
University of Cologne,North Rhine-Westphalia,Cologne,University of Cologne,University of Cologne,QS World University Rankings 2027,,Germany_QS_2027_60_Universities_Dataset__60_Universities
Universität Stuttgart,Baden-Württemberg,Stuttgart,Universität Stuttgart,Universität Stuttgart,QS World University Rankings 2027,,Germany_QS_2027_60_Universities_Dataset__60_Universities
University of Münster,North Rhine-Westphalia,Münster,University of Münster,University of Münster,QS World University Rankings 2027,,Germany_QS_2027_60_Universities_Dataset__60_Universities
Goethe-University Frankfurt am Main,Hesse,Frankfurt am Main,Goethe-University Frankfurt am Main,Goethe-University Frankfurt am Main,QS World University Rankings 2027,,Germany_QS_2027_60_Universities_Dataset__60_Universities
Ruhr-Universität Bochum,North Rhine-Westphalia,Bochum,Ruhr-Universität Bochum,Ruhr-Universität Bochum,QS World University Rankings 2027,,Germany_QS_2027_60_Universities_Dataset__60_Universities
Universität Konstanz,Baden-Württemberg,Konstanz,Universität Konstanz,Universität Konstanz,QS World University Rankings 2027,,Germany_QS_2027_60_Universities_Dataset__60_Universities
Universität Mannheim,Baden-Württemberg,Mannheim,Universität Mannheim,Universität Mannheim,QS World University Rankings 2027,,Germany_QS_2027_60_Universities_Dataset__60_Universities
Julius-Maximilians-Universität Würzburg,Bavaria,Würzburg,Julius-Maximilians-Universität Würzburg,Julius-Maximilians-Universität Würzburg,QS World University Rankings 2027,,Germany_QS_2027_60_Universities_Dataset__60_Universities
Leibniz University Hannover,Lower Saxony,Hanover,Leibniz University Hannover,Leibniz University Hannover,QS World University Rankings 2027,,Germany_QS_2027_60_Universities_Dataset__60_Universities
University of Bayreuth,Bavaria,Bayreuth,University of Bayreuth,University of Bayreuth,QS World University Rankings 2027,,Germany_QS_2027_60_Universities_Dataset__60_Universities
Johannes Gutenberg Universität Mainz,Rhineland-Palatinate,Mainz,Johannes Gutenberg Universität Mainz,Johannes Gutenberg Universität Mainz,QS World University Rankings 2027,,Germany_QS_2027_60_Universities_Dataset__60_Universities
Universität Potsdam,Brandenburg,Potsdam,Universität Potsdam,Universität Potsdam,QS World University Rankings 2027,,Germany_QS_2027_60_Universities_Dataset__60_Universities
Justus-Liebig-University Giessen,Hesse,Giessen,Justus-Liebig-University Giessen,Justus-Liebig-University Giessen,QS World University Rankings 2027,,Germany_QS_2027_60_Universities_Dataset__60_Universities
Universität Leipzig,Saxony,Leipzig,Universität Leipzig,Universität Leipzig,QS World University Rankings 2027,,Germany_QS_2027_60_Universities_Dataset__60_Universities
Universität Jena,Thuringia,Jena,Universität Jena,Universität Jena,QS World University Rankings 2027,,Germany_QS_2027_60_Universities_Dataset__60_Universities
Ulm University,Baden-Württemberg,Ulm,Ulm University,Ulm University,QS World University Rankings 2027,,Germany_QS_2027_60_Universities_Dataset__60_Universities
Universität Bremen,Bremen,Bremen,Universität Bremen,Universität Bremen,QS World University Rankings 2027,,Germany_QS_2027_60_Universities_Dataset__60_Universities
Saarland University,Saarland,Saarbrücken,Saarland University,Saarland University,QS World University Rankings 2027,,Germany_QS_2027_60_Universities_Dataset__60_Universities
Technische Universität Bergakademie Freiberg,Saxony,Freiberg,Technische Universität Bergakademie Freiberg,Technische Universität Bergakademie Freiberg,QS World University Rankings 2027,,Germany_QS_2027_60_Universities_Dataset__60_Universities
Christian-Albrechts-University zu Kiel,Schleswig-Holstein,Kiel,Christian-Albrechts-University zu Kiel,Christian-Albrechts-University zu Kiel,QS World University Rankings 2027,,Germany_QS_2027_60_Universities_Dataset__60_Universities
Otto-von-Guericke-Universität Magdeburg,Saxony-Anhalt,Magdeburg,Otto-von-Guericke-Universität Magdeburg,Otto-von-Guericke-Universität Magdeburg,QS World University Rankings 2027,,Germany_QS_2027_60_Universities_Dataset__60_Universities
TU Dortmund University,North Rhine-Westphalia,Dortmund,TU Dortmund University,TU Dortmund University,QS World University Rankings 2027,,Germany_QS_2027_60_Universities_Dataset__60_Universities
Universität Regensburg,Bavaria,Regensburg,Universität Regensburg,Universität Regensburg,QS World University Rankings 2027,,Germany_QS_2027_60_Universities_Dataset__60_Universities
TUHH Hamburg University of Technology,Hamburg,Hamburg,TUHH Hamburg University of Technology,TUHH Hamburg University of Technology,QS World University Rankings 2027,,Germany_QS_2027_60_Universities_Dataset__60_Universities
University of Hohenheim,Baden-Württemberg,Stuttgart,University of Hohenheim,University of Hohenheim,QS World University Rankings 2027,,Germany_QS_2027_60_Universities_Dataset__60_Universities
Technische Universität Braunschweig,Lower Saxony,Braunschweig,Technische Universität Braunschweig,Technische Universität Braunschweig,QS World University Rankings 2027,,Germany_QS_2027_60_Universities_Dataset__60_Universities
Martin-Luther-Universität Halle-Wittenberg,Saxony-Anhalt,Halle,Martin-Luther-Universität Halle-Wittenberg,Martin-Luther-Universität Halle-Wittenberg,QS World University Rankings 2027,,Germany_QS_2027_60_Universities_Dataset__60_Universities
Universität Duisburg-Essen,North Rhine-Westphalia,Duisburg,Universität Duisburg-Essen,Universität Duisburg-Essen,QS World University Rankings 2027,,Germany_QS_2027_60_Universities_Dataset__60_Universities
Universität Rostock,Mecklenburg-Vorpommern,Rostock,Universität Rostock,Universität Rostock,QS World University Rankings 2027,,Germany_QS_2027_60_Universities_Dataset__60_Universities
Philipps-Universität Marburg,Hesse,Marburg,Philipps-Universität Marburg,Philipps-Universität Marburg,QS World University Rankings 2027,,Germany_QS_2027_60_Universities_Dataset__60_Universities
University Duesseldorf,North Rhine-Westphalia,Düsseldorf,University Duesseldorf,University Duesseldorf,QS World University Rankings 2027,,Germany_QS_2027_60_Universities_Dataset__60_Universities
Bergische Universität Wuppertal,North Rhine-Westphalia,Wuppertal,Bergische Universität Wuppertal,Bergische Universität Wuppertal,QS World University Rankings 2027,,Germany_QS_2027_60_Universities_Dataset__60_Universities
Bielefeld University,North Rhine-Westphalia,Bielefeld,Bielefeld University,Bielefeld University,QS World University Rankings 2027,,Germany_QS_2027_60_Universities_Dataset__60_Universities
Carl von Ossietzky Universität Oldenburg,Lower Saxony,Oldenburg,Carl von Ossietzky Universität Oldenburg,Carl von Ossietzky Universität Oldenburg,QS World University Rankings 2027,,Germany_QS_2027_60_Universities_Dataset__60_Universities
Ernst-Moritz-Arndt-Universität Greifswald,Mecklenburg-Vorpommern,Greifswald,Ernst-Moritz-Arndt-Universität Greifswald,Ernst-Moritz-Arndt-Universität Greifswald,QS World University Rankings 2027,,Germany_QS_2027_60_Universities_Dataset__60_Universities
Technische Universität Chemnitz,Saxony,Chemnitz,Technische Universität Chemnitz,Technische Universität Chemnitz,QS World University Rankings 2027,,Germany_QS_2027_60_Universities_Dataset__60_Universities
Otto-Friedrich-Universität Bamberg,Bavaria,Bamberg,Otto-Friedrich-Universität Bamberg,Otto-Friedrich-Universität Bamberg,QS World University Rankings 2027,,Germany_QS_2027_60_Universities_Dataset__60_Universities
Universität Kassel,Hesse,Kassel,Universität Kassel,Universität Kassel,QS World University Rankings 2027,,Germany_QS_2027_60_Universities_Dataset__60_Universities
Universität Paderborn,North Rhine-Westphalia,Paderborn,Universität Paderborn,Universität Paderborn,QS World University Rankings 2027,,Germany_QS_2027_60_Universities_Dataset__60_Universities
Universität Siegen,North Rhine-Westphalia,Siegen,Universität Siegen,Universität Siegen,QS World University Rankings 2027,,Germany_QS_2027_60_Universities_Dataset__60_Universities
University of Passau,Bavaria,Passau,University of Passau,University of Passau,QS World University Rankings 2027,,Germany_QS_2027_60_Universities_Dataset__60_Universities
Universität Trier,Rhineland-Palatinate,Trier,Universität Trier,Universität Trier,QS World University Rankings 2027,,Germany_QS_2027_60_Universities_Dataset__60_Universities
University of Augsburg,Bavaria,Augsburg,University of Augsburg,University of Augsburg,QS World University Rankings 2027,,Germany_QS_2027_60_Universities_Dataset__60_Universities
University of Kaiserslautern-Landau (RPTU),Rhineland-Palatinate,Kaiserslautern,University of Kaiserslautern-Landau (RPTU),University of Kaiserslautern-Landau (RPTU),QS World University Rankings 2027,,Germany_QS_2027_60_Universities_Dataset__60_Universities
,,,,,,,Germany_QS_2027_60_Universities_Dataset__README
,,,,,,,Germany_QS_2027_60_Universities_Dataset__README
,,,,,,,Germany_QS_2027_60_Universities_Dataset__README
,,,,,,,Germany_QS_2027_60_Universities_Dataset__README
,,,,,,,Germany_QS_2027_60_Universities_Dataset__README
,,,,,,,Germany_QS_2027_60_Universities_Dataset__README
